0 , 559.922424 , 459.653259 , 473.895447 , 18.528896 
 1 , 427.739136 , 293.471191 , 382.331055 , 408.458557 
 2 , 658.536560 , 222.609970 , 230.298782 , 400.554718 
 3 , 393.824707 , 40.892235 , 556.046814 , 521.236206 
 4 , 522.596375 , 589.791748 , 349.502594 , 50.109325 
 5 , 660.454407 , 136.301514 , 701.863098 , 13.380983 
 6 , 201.619217 , 729.323975 , 271.508026 , 309.548767 
 7 , 119.781387 , 549.871033 , 464.000031 , 378.347534 
 8 , 493.777527 , 490.226257 , 114.037857 , 413.958252 
 9 , 268.644531 , 269.099670 , 514.636292 , 459.619507 
 10 , 568.480347 , 46.356316 , 450.600494 , 446.562897 
 11 , 885.020752 , 95.330635 , 335.641937 , 196.006607 
 12 , 396.120544 , 452.208954 , 471.154114 , 192.516388 
 13 , 523.930664 , 412.076447 , 397.392212 , 178.600830 
 14 , 416.938019 , 452.307770 , 413.418610 , 229.335556 
 15 , 533.479858 , 337.873932 , 211.280930 , 429.365265 
 16 , 266.560913 , 557.973633 , 579.864319 , 107.601189 
 17 , 325.498383 , 49.681820 , 646.096802 , 490.722900 
 18 , 685.512939 , 289.474731 , 189.807159 , 347.205109 
 19 , 89.798439 , 449.513824 , 212.865738 , 759.821960 
 20 , 144.230759 , 778.092896 , 414.517242 , 175.159058 
 21 , 115.525566 , 428.375885 , 462.135864 , 505.962738 
 22 , 266.001282 , 307.251404 , 446.780029 , 491.967224 
 23 , 536.476501 , 167.118484 , 631.111572 , 177.293411 
 24 , 301.757324 , 662.318909 , 410.956909 , 136.966934 
 25 , 46.518555 , 12.162830 , 699.721008 , 753.597595 
 26 , 303.605103 , 668.199280 , 439.501892 , 100.693649 
 27 , 470.560547 , 268.871704 , 401.651764 , 370.915955 
 28 , 561.987122 , 321.684448 , 247.359955 , 380.968536 
 29 , 68.437706 , 569.904175 , 235.071365 , 638.586792 
 30 , 575.217224 , 479.486237 , 330.567413 , 126.729042 
 31 , 629.374146 , 455.527527 , 281.360779 , 145.737564 
 32 , 559.645020 , 349.611481 , 574.934937 , 27.808531 
 33 , 335.927429 , 259.957458 , 452.730957 , 463.384064 
 34 , 339.390656 , 498.631378 , 472.799316 , 201.178528 
 35 , 118.516769 , 462.171844 , 273.148956 , 658.162415 
 36 , 498.336975 , 63.901684 , 423.706482 , 526.054932 
 37 , 321.462555 , 350.380890 , 233.240555 , 606.916016 
 38 , 58.022987 , 628.263733 , 787.239868 , 38.473351 
 39 , 586.268188 , 166.040512 , 461.361755 , 298.329468 
 40 , 119.965843 , 175.525620 , 273.590118 , 942.918396 
 41 , 247.984558 , 471.078003 , 603.595215 , 189.342255 
 42 , 245.151230 , 260.076477 , 514.745361 , 492.026978 
 43 , 573.960632 , 401.396301 , 251.707947 , 284.935181 
 44 , 639.445068 , 583.165222 , 118.549202 , 170.840408 
 45 , 393.166016 , 479.787964 , 270.009338 , 369.036621 
 46 , 298.561005 , 71.676369 , 501.231659 , 640.531006 
 47 , 114.742622 , 842.911072 , 173.225433 , 381.120941 
 48 , 518.444763 , 496.861206 , 414.517639 , 82.176430 
 49 , 475.861603 , 429.994751 , 536.149231 , 69.994324 
 50 , 130.239777 , 382.753113 , 223.649994 , 775.357178 
 51 , 185.992889 , 459.111969 , 693.332947 , 173.562164 
 52 , 223.850540 , 337.061798 , 522.629333 , 428.458374 
 53 , 232.204041 , 409.644928 , 513.660278 , 356.490753 
 54 , 531.107056 , 441.790771 , 231.592728 , 307.509491 
 55 , 513.541748 , 517.880005 , 347.550049 , 133.028198 
 56 , 201.371445 , 276.785706 , 520.848755 , 512.994141 
 57 , 507.617432 , 152.890656 , 328.518005 , 522.973877 
 58 , 33.562420 , 642.766968 , 343.210846 , 492.459839 
 59 , 487.274872 , 538.869812 , 12.784212 , 473.071045 
 60 , 259.461304 , 285.034576 , 200.262146 , 767.241882 
 61 , 68.463524 , 217.684692 , 876.624207 , 349.227600 
 62 , 131.479660 , 562.946838 , 541.509277 , 276.064270 
 63 , 379.110046 , 394.737427 , 512.177979 , 225.974487 
 64 , 691.017029 , 448.231537 , 55.574669 , 317.176819 
 65 , 420.886719 , 1017.388306 , 24.751053 , 48.973839 
 66 , 419.093475 , 434.764496 , 475.521179 , 182.620911 
 67 , 154.996414 , 713.937744 , 346.341705 , 296.724152 
 68 , 438.767456 , 259.964661 , 299.730682 , 513.537109 
 69 , 426.487274 , 261.937927 , 409.558105 , 414.016724 
 70 , 213.265625 , 355.245300 , 394.410889 , 549.078247 
 71 , 428.017303 , 842.659241 , 168.088181 , 73.235275 
 72 , 558.624268 , 600.260559 , 219.970642 , 133.144547 
 73 , 26.135584 , 613.043579 , 594.657410 , 278.163483 
 74 , 459.096802 , 612.971252 , 404.455902 , 35.476036 
 75 , 127.809921 , 280.592896 , 497.216949 , 606.380066 
 76 , 644.129456 , 389.878662 , 266.667419 , 211.324463 
 77 , 226.460312 , 277.838135 , 274.620789 , 733.080688 
 78 , 484.405670 , 303.455811 , 99.639526 , 624.499023 
 79 , 238.771149 , 423.118683 , 315.616150 , 534.494019 
 80 , 925.617859 , 58.663990 , 109.756516 , 417.961731 
 81 , 492.249268 , 264.293518 , 614.682617 , 140.774612 
 82 , 306.439636 , 909.151489 , 252.086288 , 44.322666 
 83 , 220.320648 , 500.449280 , 286.745209 , 504.484863 
 84 , 497.153259 , 37.812004 , 193.161560 , 783.873169 
 85 , 142.659073 , 287.375885 , 723.078369 , 358.886688 
 86 , 155.042206 , 288.455841 , 822.404236 , 246.097656 
 87 , 328.366516 , 127.005783 , 240.449661 , 816.178040 
 88 , 228.686356 , 352.927429 , 564.115601 , 366.270599 
 89 , 419.481567 , 412.548340 , 432.406219 , 247.563934 
 90 , 403.837189 , 531.755798 , 12.131496 , 564.275513 
 91 , 25.437468 , 362.732544 , 565.340820 , 558.489136 
 92 , 356.880768 , 364.152649 , 152.553391 , 638.413269 
 93 , 458.217621 , 514.698120 , 345.217285 , 193.866974 
 94 , 557.713379 , 474.438477 , 164.155777 , 315.692322 
 95 , 157.586761 , 456.254028 , 475.390717 , 422.768463 
 96 , 160.827957 , 865.848328 , 448.223389 , 37.100403 
 97 , 490.231689 , 396.978790 , 190.544968 , 434.244598 
 98 , 832.802673 , 621.552002 , 22.974062 , 34.671314 
 99 , 333.707764 , 150.588348 , 514.345337 , 513.358704 
 100 , 538.661743 , 138.717316 , 214.031036 , 620.589905 
 101 , 738.513855 , 30.558661 , 155.753799 , 587.173767 
 102 , 471.981598 , 488.928680 , 380.502625 , 170.587097 
 103 , 78.398552 , 966.416809 , 378.916870 , 88.267738 
 104 , 530.123596 , 485.488220 , 331.397888 , 164.990356 
 105 , 305.704834 , 93.525597 , 262.252991 , 850.516541 
 106 , 379.992035 , 202.845444 , 526.910583 , 402.251831 
 107 , 403.096802 , 174.296967 , 176.610168 , 757.996094 
 108 , 165.368439 , 698.490723 , 556.936401 , 91.204414 
 109 , 199.711029 , 512.151672 , 655.617920 , 144.519470 
 110 , 434.550018 , 308.259827 , 322.585693 , 446.604523 
 111 , 409.703247 , 465.304138 , 323.033600 , 313.959045 
 112 , 404.264648 , 370.568970 , 254.919220 , 482.247040 
 113 , 429.151703 , 326.577271 , 214.426056 , 541.845032 
 114 , 307.557831 , 386.390167 , 408.126770 , 409.925201 
 115 , 395.560974 , 79.748604 , 354.236694 , 682.453735 
 116 , 65.208336 , 357.046692 , 573.370483 , 516.374390 
 117 , 881.713440 , 13.060177 , 317.957672 , 299.268738 
 118 , 31.299036 , 1240.170776 , 222.054764 , 18.475586 
 119 , 414.762848 , 324.026672 , 367.461853 , 405.748718 
 120 , 535.744629 , 223.812698 , 683.877502 , 68.565262 
 121 , 471.013336 , 63.440414 , 262.796204 , 714.750122 
 122 , 269.689667 , 331.220612 , 869.575195 , 41.514519 
 123 , 665.025085 , 74.897850 , 597.726074 , 174.351120 
 124 , 401.832092 , 35.805580 , 421.727234 , 652.635132 
 125 , 257.144196 , 497.212341 , 356.330566 , 401.312927 
 126 , 70.463440 , 565.920227 , 547.320190 , 328.296173 
 127 , 653.996094 , 157.832123 , 559.551208 , 140.620514 
 128 , 429.087616 , 420.917450 , 295.987152 , 366.007690 
 129 , 699.352295 , 236.937729 , 334.350708 , 241.359299 
 130 , 412.376465 , 126.307518 , 534.245300 , 439.070679 
 131 , 442.483215 , 337.566864 , 373.703644 , 358.246307 
 132 , 198.401047 , 361.803741 , 341.792206 , 610.003052 
 133 , 287.147949 , 159.072296 , 449.091064 , 616.688660 
 134 , 246.598404 , 661.325134 , 304.947662 , 299.128845 
 135 , 733.237793 , 274.885681 , 463.163086 , 40.713417 
 136 , 164.048004 , 661.648987 , 544.364441 , 141.938675 
 137 , 413.713165 , 400.016113 , 372.222107 , 326.048676 
 138 , 815.417908 , 222.002869 , 448.920380 , 25.658989 
 139 , 594.827820 , 24.675144 , 86.461136 , 806.035889 
 140 , 514.206116 , 188.387222 , 389.051056 , 420.355682 
 141 , 241.736603 , 556.342590 , 89.661240 , 624.259460 
 142 , 288.684540 , 158.137604 , 583.861694 , 481.316223 
 143 , 788.161194 , 41.019798 , 491.937622 , 190.881363 
 144 , 498.712463 , 796.141418 , 58.333836 , 158.812210 
 145 , 478.999084 , 219.785873 , 310.062408 , 503.152618 
 146 , 115.233910 , 390.076569 , 144.855057 , 861.834473 
 147 , 501.308777 , 350.136841 , 642.362671 , 18.191799 
 148 , 13.647850 , 703.830444 , 471.799408 , 322.722351 
 149 , 304.517700 , 127.282738 , 766.826843 , 313.372742 
 150 , 191.819336 , 555.521545 , 566.551819 , 198.107239 
 151 , 700.647278 , 94.229538 , 594.155701 , 122.967438 
 152 , 449.172791 , 645.278992 , 225.410919 , 192.137299 
 153 , 485.666107 , 431.857147 , 490.166290 , 104.310341 
 154 , 566.531128 , 83.794418 , 311.909058 , 549.765381 
 155 , 267.111420 , 59.957699 , 465.684296 , 719.246582 
 156 , 75.733803 , 297.912048 , 817.349792 , 321.004333 
 157 , 634.860046 , 179.722488 , 84.274170 , 613.143433 
 158 , 277.558197 , 481.307098 , 566.386169 , 186.748444 
 159 , 411.681458 , 183.249878 , 461.401001 , 455.667633 
 160 , 106.957596 , 360.153625 , 802.615356 , 242.273376 
 161 , 181.397766 , 635.405579 , 491.556488 , 203.640244 
 162 , 434.201904 , 653.774841 , 20.722546 , 403.300720 
 163 , 357.497375 , 338.503571 , 217.404953 , 598.594116 
 164 , 296.049255 , 520.359375 , 345.021545 , 350.569855 
 165 , 284.813995 , 468.102661 , 85.016151 , 674.067139 
 166 , 334.749481 , 320.161072 , 464.300262 , 392.789093 
 167 , 162.760910 , 586.546631 , 331.054565 , 431.637909 
 168 , 360.821411 , 367.721161 , 444.901917 , 338.555511 
 169 , 603.992310 , 676.543945 , 183.041809 , 48.421944 
 170 , 296.985413 , 391.169403 , 378.335419 , 445.509674 
 171 , 26.222839 , 556.581909 , 359.797699 , 569.397583 
 172 , 223.712448 , 222.936661 , 955.988647 , 109.362167 
 173 , 683.645447 , 233.289108 , 265.958588 , 329.106903 
 174 , 74.468010 , 627.847717 , 388.052460 , 421.631989 
 175 , 293.174896 , 444.849335 , 504.857574 , 269.118164 
 176 , 447.888000 , 523.180176 , 320.754456 , 220.177429 
 177 , 131.886566 , 475.130310 , 335.243134 , 569.739929 
 178 , 401.159515 , 69.888176 , 931.212646 , 109.739647 
 179 , 399.892181 , 358.128021 , 383.463501 , 370.516235 
 180 , 455.663177 , 510.711365 , 337.172729 , 208.452805 
 181 , 688.990295 , 184.745483 , 106.898941 , 531.365234 
 182 , 556.721436 , 201.881027 , 480.446564 , 272.951050 
 183 , 187.077362 , 601.255554 , 64.281731 , 659.385437 
 184 , 258.194214 , 359.890747 , 332.911530 , 561.003540 
 185 , 402.062988 , 531.558472 , 362.858643 , 215.519897 
 186 , 316.784180 , 211.393204 , 414.127686 , 569.695007 
 187 , 244.978958 , 363.541748 , 371.711304 , 531.767944 
 188 , 108.768066 , 402.665833 , 440.122375 , 560.443665 
 189 , 491.214478 , 85.139519 , 314.056488 , 621.589600 
 190 , 148.981369 , 280.989075 , 489.349396 , 592.680176 
 191 , 369.712006 , 269.406799 , 616.124390 , 256.756744 
 192 , 316.492401 , 693.688477 , 87.882729 , 413.936371 
 193 , 386.134796 , 382.541199 , 336.650635 , 406.673462 
 194 , 50.720058 , 480.011780 , 462.831848 , 518.436157 
 195 , 309.101929 , 329.467712 , 598.909363 , 274.521057 
 196 , 241.572754 , 539.419556 , 378.014313 , 352.993317 
 197 , 166.583252 , 642.335938 , 81.341560 , 621.739197 
 198 , 273.141174 , 280.200775 , 630.291138 , 328.366882 
 199 , 729.596375 , 261.492218 , 460.018127 , 60.893299 
 200 , 406.288116 , 483.316498 , 315.611511 , 306.783875 
 201 , 440.659485 , 450.543915 , 335.599304 , 285.197449 
 202 , 487.896942 , 415.824738 , 364.594147 , 243.684235 
 203 , 333.325378 , 500.620972 , 531.447571 , 146.606064 
 204 , 119.075249 , 400.935547 , 421.059753 , 570.929504 
 205 , 36.560741 , 377.608032 , 357.871948 , 739.959290 
 206 , 490.984619 , 387.259705 , 548.375854 , 85.379829 
 207 , 515.199158 , 121.592331 , 631.604370 , 243.604065 
 208 , 122.948914 , 312.400757 , 491.621552 , 585.028809 
 209 , 530.097900 , 416.922607 , 343.197296 , 221.782211 
 210 , 345.621277 , 885.047791 , 65.060295 , 216.270660 
 211 , 205.631073 , 112.649094 , 476.798920 , 716.920898 
 212 , 427.050568 , 239.054123 , 726.720459 , 119.174805 
 213 , 517.061279 , 423.988464 , 470.806061 , 100.144218 
 214 , 593.529175 , 473.772308 , 150.914948 , 293.783569 
 215 , 343.787354 , 457.882446 , 310.378571 , 399.951538 
 216 , 190.037659 , 304.909393 , 528.309875 , 488.743134 
 217 , 630.110046 , 121.630051 , 396.541107 , 363.718750 
 218 , 367.165985 , 751.180237 , 260.427795 , 133.225998 
 219 , 619.238586 , 271.685303 , 471.807098 , 149.269043 
 220 , 50.387035 , 678.602417 , 712.788147 , 70.222351 
 221 , 76.963249 , 747.668091 , 217.180954 , 470.187683 
 222 , 239.576401 , 569.804993 , 327.361938 , 375.256683 
 223 , 52.801369 , 253.230652 , 781.998047 , 423.969940 
 224 , 856.510986 , 107.609238 , 424.397278 , 123.482491 
 225 , 195.194305 , 693.649414 , 343.722168 , 279.433990 
 226 , 202.918411 , 86.758522 , 1050.949829 , 171.373276 
 227 , 157.917847 , 98.846428 , 658.724487 , 596.511230 
 228 , 198.369965 , 412.580414 , 526.083923 , 374.965790 
 229 , 272.584412 , 765.443604 , 212.955383 , 261.016479 
 230 , 134.040131 , 493.576477 , 475.757385 , 408.626068 
 231 , 203.841843 , 605.879883 , 509.814819 , 192.463409 
 232 , 469.077728 , 227.211868 , 30.483904 , 785.226440 
 233 , 324.670715 , 81.731827 , 316.751312 , 788.846252 
 234 , 379.711975 , 195.878357 , 374.812347 , 561.597351 
 235 , 586.422729 , 229.385361 , 425.720673 , 270.471252 
 236 , 88.966187 , 560.394104 , 161.630707 , 701.009094 
 237 , 513.870605 , 460.285553 , 208.114029 , 329.729828 
 238 , 67.764359 , 678.282410 , 375.914368 , 390.038788 
 239 , 370.385590 , 303.339417 , 511.318604 , 326.956360 
 240 , 463.542755 , 405.247528 , 528.112671 , 115.097000 
 241 , 312.687164 , 509.785370 , 292.756073 , 396.771515 
 242 , 353.420776 , 601.278198 , 350.645416 , 206.655640 
 243 , 476.699402 , 237.791809 , 175.435730 , 622.072937 
 244 , 313.850037 , 301.266693 , 480.670837 , 416.212494 
 245 , 606.129883 , 616.550842 , 233.815613 , 55.503555 
 246 , 339.724030 , 405.012268 , 328.748810 , 438.514862 
 247 , 498.923157 , 401.611053 , 154.550476 , 456.915375 
 248 , 583.600037 , 14.550894 , 885.591980 , 28.257116 
 249 , 36.500214 , 119.549004 , 413.231995 , 942.718750 
 250 , 523.106995 , 331.124420 , 524.745300 , 133.023300 
 251 , 73.148575 , 523.263489 , 210.397583 , 705.190308 
 252 , 119.626999 , 804.135559 , 517.120728 , 71.116837 
 253 , 745.969177 , 250.018723 , 284.768829 , 231.243225 
 254 , 418.373108 , 481.525940 , 45.989101 , 566.111816 
 255 , 207.858948 , 500.548950 , 468.222260 , 335.369751 
 256 , 360.724640 , 526.501526 , 513.427795 , 111.346077 
 257 , 556.462158 , 301.005920 , 226.650284 , 427.881653 
 258 , 474.349731 , 297.346527 , 86.044502 , 654.259216 
 259 , 552.144043 , 133.827911 , 407.060760 , 418.967316 
 260 , 754.083923 , 259.956421 , 382.481049 , 115.478615 
 261 , 238.499878 , 491.426636 , 180.769699 , 601.303772 
 262 , 358.324799 , 167.151443 , 601.281616 , 385.242218 
 263 , 482.369263 , 353.119324 , 266.589600 , 409.921722 
 264 , 45.895340 , 150.195526 , 748.830322 , 567.078796 
 265 , 180.010452 , 301.596283 , 361.593109 , 668.800171 
 266 , 575.641235 , 255.994537 , 380.975342 , 299.388947 
 267 , 357.059906 , 619.741089 , 414.803619 , 120.395363 
 268 , 215.695221 , 532.333496 , 31.158899 , 732.812378 
 269 , 493.266357 , 418.826996 , 395.927612 , 203.978912 
 270 , 596.764282 , 124.546944 , 172.630432 , 618.058350 
 271 , 192.484955 , 348.396912 , 600.316895 , 370.801239 
 272 , 251.734024 , 37.928925 , 609.680298 , 612.656799 
 273 , 316.996613 , 361.144226 , 422.710571 , 411.148651 
 274 , 625.782654 , 223.005432 , 70.452667 , 592.759216 
 275 , 197.533447 , 338.924988 , 752.038330 , 223.503326 
 276 , 58.887062 , 427.309875 , 550.038818 , 475.764313 
 277 , 446.823029 , 351.871765 , 409.105072 , 304.200165 
 278 , 22.795143 , 455.648682 , 820.243774 , 213.312408 
 279 , 295.908722 , 698.543518 , 467.576752 , 49.971081 
 280 , 1061.670166 , 244.524124 , 10.307371 , 195.498428 
 281 , 605.533264 , 76.610229 , 606.669312 , 223.187149 
 282 , 418.876404 , 529.798889 , 262.907349 , 300.417389 
 283 , 714.402710 , 203.949860 , 296.848938 , 296.798462 
 284 , 367.160156 , 566.909180 , 184.051147 , 393.879578 
 285 , 132.811020 , 446.722168 , 98.651260 , 833.815491 
 286 , 397.927582 , 375.494476 , 225.435486 , 513.142456 
 287 , 451.502533 , 386.061493 , 217.538177 , 456.897736 
 288 , 152.770096 , 30.339310 , 886.433350 , 442.457184 
 289 , 179.279236 , 641.378113 , 51.266968 , 640.075684 
 290 , 550.908752 , 118.219124 , 334.698853 , 508.173248 
 291 , 375.738037 , 324.129883 , 321.299683 , 490.832489 
 292 , 127.906258 , 483.039368 , 279.100861 , 621.953491 
 293 , 477.754669 , 312.715179 , 478.896545 , 242.633545 
 294 , 848.600098 , 509.553345 , 32.216808 , 121.629715 
 295 , 481.505707 , 333.595612 , 612.705261 , 84.193398 
 296 , 58.343487 , 702.587280 , 272.360962 , 478.708313 
 297 , 332.487885 , 405.360260 , 581.819153 , 192.332611 
 298 , 387.954834 , 410.821930 , 366.904724 , 346.318512 
 299 , 299.619080 , 354.715973 , 847.665039 , 10.000000 
 300 , 614.109314 , 538.933655 , 339.645752 , 19.311274 
 301 , 29.581652 , 42.603935 , 604.394775 , 835.419617 
 302 , 530.301147 , 338.193024 , 132.821793 , 510.684052 
 303 , 656.411194 , 320.996338 , 385.750641 , 148.841766 
 304 , 243.098602 , 97.435036 , 1014.280273 , 157.186157 
 305 , 532.757202 , 512.780273 , 355.218292 , 111.244308 
 306 , 79.912079 , 696.167847 , 704.878540 , 31.041500 
 307 , 576.806091 , 149.838486 , 400.270813 , 385.084534 
 308 , 659.075928 , 20.823236 , 582.318420 , 249.782455 
 309 , 427.910797 , 647.569702 , 145.645981 , 290.873566 
 310 , 337.979340 , 209.452087 , 542.875732 , 421.692871 
 311 , 434.284088 , 401.037415 , 170.479431 , 506.199005 
 312 , 384.312195 , 125.763725 , 276.512543 , 725.411499 
 313 , 452.940887 , 259.189972 , 385.748718 , 414.120361 
 314 , 378.910583 , 427.564453 , 473.534485 , 231.990463 
 315 , 557.444702 , 245.187988 , 267.593262 , 441.774109 
 316 , 323.591431 , 400.003876 , 583.266113 , 205.138535 
 317 , 448.057190 , 569.722595 , 209.220993 , 284.999146 
 318 , 241.700760 , 280.162506 , 180.445969 , 809.690735 
 319 , 267.988007 , 351.731445 , 515.429077 , 376.851318 
 320 , 347.587921 , 449.228882 , 395.346069 , 319.837189 
 321 , 690.982178 , 529.834839 , 196.155457 , 95.027504 
 322 , 471.922333 , 201.084305 , 467.366333 , 371.627136 
 323 , 294.659912 , 115.189713 , 506.597107 , 595.553284 
 324 , 212.901016 , 232.513138 , 528.277710 , 538.308289 
 325 , 504.704376 , 368.423340 , 149.503006 , 489.369324 
 326 , 251.791626 , 63.681564 , 589.056519 , 607.470398 
 327 , 251.814392 , 73.488235 , 521.118286 , 665.579163 
 328 , 360.894165 , 418.757782 , 519.916016 , 212.431961 
 329 , 46.011513 , 544.395386 , 671.537659 , 250.055344 
 330 , 204.649704 , 722.233582 , 254.170609 , 330.946106 
 331 , 56.548111 , 312.346802 , 736.174500 , 406.930603 
 332 , 401.332520 , 294.493164 , 81.253708 , 734.920776 
 333 , 317.812531 , 470.255463 , 409.399414 , 314.532593 
 334 , 574.394043 , 393.629791 , 139.636368 , 404.339783 
 335 , 144.891663 , 579.771729 , 286.791626 , 500.544983 
 336 , 417.215271 , 522.733521 , 251.126022 , 320.925201 
 337 , 595.204224 , 484.029663 , 25.434692 , 407.331543 
 338 , 574.829651 , 524.459778 , 225.184158 , 187.526489 
 339 , 384.849152 , 478.265991 , 371.580627 , 277.304291 
 340 , 17.303509 , 440.467041 , 551.304382 , 502.925232 
 341 , 85.654892 , 290.589935 , 483.295776 , 652.459351 
 342 , 584.829285 , 612.611755 , 73.575500 , 240.983505 
 343 , 158.969513 , 344.673187 , 484.255890 , 524.101318 
 344 , 481.150024 , 222.596130 , 401.210083 , 407.043762 
 345 , 343.221802 , 436.791412 , 349.415588 , 382.571289 
 346 , 283.283661 , 495.508606 , 654.830994 , 78.376778 
 347 , 355.970612 , 274.987640 , 869.771729 , 11.270028 
 348 , 330.515656 , 334.815277 , 633.262207 , 213.406906 
 349 , 214.555328 , 354.429901 , 666.898926 , 276.115906 
 350 , 240.901947 , 421.243347 , 382.779968 , 467.074646 
 351 , 250.539795 , 456.069122 , 196.013672 , 609.377380 
 352 , 379.684967 , 500.456055 , 119.018318 , 512.840637 
 353 , 297.857086 , 260.326294 , 533.431641 , 420.384918 
 354 , 360.521362 , 423.234741 , 136.374878 , 591.869080 
 355 , 201.341354 , 500.579437 , 454.991180 , 355.088104 
 356 , 576.132996 , 168.052551 , 280.869720 , 486.944763 
 357 , 351.792542 , 469.538025 , 320.579498 , 370.089874 
 358 , 682.763916 , 182.928604 , 301.401306 , 344.906128 
 359 , 108.601318 , 607.435059 , 316.943359 , 479.020264 
 360 , 41.952477 , 462.790833 , 607.866272 , 399.390411 
 361 , 187.715454 , 52.420685 , 723.893433 , 547.970398 
 362 , 671.127747 , 67.462708 , 683.566284 , 89.843376 
 363 , 69.048828 , 301.425446 , 794.276184 , 347.249603 
 364 , 931.586853 , 317.106232 , 80.176125 , 183.130905 
 365 , 183.974136 , 416.344635 , 331.767914 , 579.913208 
 366 , 721.513550 , 59.597626 , 141.083893 , 589.804993 
 367 , 943.396179 , 313.645966 , 55.113491 , 199.844391 
 368 , 118.369667 , 591.607849 , 190.830017 , 611.192444 
 369 , 268.472168 , 127.190193 , 572.040771 , 544.296875 
 370 , 179.209366 , 259.723999 , 498.178131 , 574.888489 
 371 , 706.805664 , 116.893776 , 86.933670 , 601.366943 
 372 , 591.620911 , 52.806301 , 487.719971 , 379.852905 
 373 , 532.250122 , 387.692810 , 485.275360 , 106.781715 
 374 , 535.795837 , 46.181309 , 461.502441 , 468.520477 
 375 , 604.190918 , 256.050049 , 171.033752 , 480.725372 
 376 , 112.089249 , 488.840546 , 564.100403 , 346.969818 
 377 , 488.962158 , 801.318665 , 36.884781 , 184.834351 
 378 , 856.010437 , 306.810028 , 332.655731 , 16.523754 
 379 , 698.953674 , 376.924622 , 183.724487 , 252.397217 
 380 , 487.014893 , 362.788055 , 435.265656 , 226.931335 
 381 , 690.107544 , 20.654427 , 579.080627 , 222.157333 
 382 , 723.327637 , 168.271057 , 364.171051 , 256.230194 
 383 , 1125.661133 , 41.084240 , 165.865784 , 179.388733 
 384 , 599.906006 , 407.303131 , 181.864471 , 322.926300 
 385 , 15.631506 , 104.255142 , 547.518433 , 844.594910 
 386 , 358.178802 , 475.906219 , 221.796112 , 456.118927 
 387 , 185.672180 , 687.430542 , 297.546997 , 341.350342 
 388 , 422.229279 , 184.934479 , 294.169403 , 610.666809 
 389 , 242.096497 , 394.956635 , 281.385315 , 593.561462 
 390 , 348.610626 , 411.292053 , 459.673492 , 292.423798 
 391 , 39.977432 , 206.947479 , 13.623646 , 1251.451416 
 392 , 458.115143 , 107.499641 , 717.080383 , 229.304871 
 393 , 328.253235 , 515.561157 , 363.574432 , 304.611176 
 394 , 281.917450 , 715.717285 , 273.694550 , 240.670807 
 395 , 121.713028 , 429.832733 , 469.452911 , 491.001343 
 396 , 430.651031 , 35.321102 , 506.175446 , 539.852478 
 397 , 295.430206 , 904.954834 , 100.242310 , 211.372620 
 398 , 14.754934 , 349.949646 , 537.816528 , 609.478882 
 399 , 326.252991 , 604.600159 , 209.313202 , 371.833740 
 400 , 457.608856 , 449.415863 , 298.975037 , 306.000336 
 401 , 487.229828 , 231.353851 , 523.417664 , 269.998657 
 402 , 965.167053 , 90.855255 , 48.181644 , 407.796051 
 403 , 989.244568 , 58.474354 , 115.676773 , 348.604309 
 404 , 647.002014 , 288.400208 , 337.189911 , 239.407852 
 405 , 250.990356 , 1040.687988 , 32.182915 , 188.138763 
 406 , 356.646301 , 329.409637 , 562.854919 , 263.089050 
 407 , 288.237091 , 479.958588 , 331.303894 , 412.500488 
 408 , 265.650848 , 378.662811 , 396.717590 , 470.968750 
 409 , 397.919952 , 257.199982 , 203.000000 , 653.880005 
 410 , 336.232910 , 447.198608 , 239.401413 , 489.167175 
 411 , 174.607376 , 486.245972 , 447.490845 , 403.655823 
 412 , 233.521423 , 942.458984 , 235.457169 , 100.562424 
 413 , 437.669617 , 327.070709 , 231.635422 , 515.624268 
 414 , 436.734375 , 364.467041 , 165.054810 , 545.743835 
 415 , 327.333710 , 83.966064 , 656.249634 , 444.450562 
 416 , 25.852135 , 584.296997 , 376.195557 , 525.655334 
 417 , 295.114258 , 361.023499 , 537.906982 , 317.955231 
 418 , 878.012817 , 158.483185 , 117.265640 , 358.238342 
 419 , 560.828674 , 703.746521 , 67.231461 , 180.193359 
 420 , 226.579605 , 589.529541 , 316.837952 , 379.052887 
 421 , 225.114609 , 574.349854 , 51.647011 , 660.888550 
 422 , 318.073486 , 560.068726 , 180.632050 , 453.225891 
 423 , 53.592873 , 424.466675 , 789.290283 , 244.650055 
 424 , 377.592407 , 100.369621 , 937.220337 , 96.817726 
 425 , 318.407959 , 452.636108 , 320.234009 , 420.721832 
 426 , 485.692047 , 231.829285 , 671.591919 , 122.886673 
 427 , 279.161743 , 450.998047 , 352.440216 , 429.400024 
 428 , 89.572800 , 386.986664 , 509.685577 , 525.755005 
 429 , 544.940857 , 165.968887 , 606.445435 , 194.644760 
 430 , 480.913483 , 649.155396 , 230.073624 , 151.857483 
 431 , 321.335358 , 208.950546 , 359.996429 , 621.717773 
 432 , 538.340515 , 89.917435 , 408.238739 , 475.503326 
 433 , 118.175758 , 567.772217 , 503.791992 , 322.259949 
 434 , 164.745956 , 331.126251 , 547.889771 , 468.238007 
 435 , 547.541931 , 343.579254 , 454.795441 , 166.083450 
 436 , 532.542725 , 184.153336 , 509.462891 , 285.841003 
 437 , 705.037903 , 654.770447 , 139.076553 , 13.115090 
 438 , 325.443695 , 847.240234 , 20.104362 , 319.211639 
 439 , 317.714417 , 297.024323 , 202.577316 , 694.683960 
 440 , 752.725891 , 220.465897 , 429.950928 , 108.857307 
 441 , 664.758179 , 323.568420 , 183.480499 , 340.192902 
 442 , 110.458908 , 544.109009 , 354.532135 , 502.899872 
 443 , 225.512146 , 298.076385 , 443.429810 , 544.981689 
 444 , 383.105377 , 489.582092 , 204.254471 , 435.058014 
 445 , 255.603851 , 592.847168 , 481.710388 , 181.838623 
 446 , 292.291748 , 389.477570 , 231.293732 , 598.937012 
 447 , 463.708832 , 414.871948 , 295.506653 , 337.912476 
 448 , 270.130280 , 584.976929 , 339.965668 , 316.927185 
 449 , 328.438171 , 321.931427 , 371.972076 , 489.658356 
 450 , 206.343170 , 434.704742 , 257.851013 , 613.101074 
 451 , 64.825348 , 321.871521 , 121.093460 , 1004.209717 
 452 , 590.109497 , 461.796356 , 374.478973 , 85.615089 
 453 , 254.066406 , 396.036407 , 369.658844 , 492.238251 
 454 , 416.999878 , 836.724915 , 15.615568 , 242.659668 
 455 , 176.349152 , 383.125488 , 628.388855 , 324.136383 
 456 , 379.167847 , 390.586639 , 321.980682 , 420.264862 
 457 , 492.312103 , 265.209045 , 326.023132 , 428.455719 
 458 , 238.507004 , 136.368088 , 547.119690 , 590.005127 
 459 , 45.201267 , 488.271759 , 301.977417 , 676.549561 
 460 , 367.132996 , 498.829132 , 581.056763 , 64.981079 
 461 , 321.239197 , 564.100891 , 384.486389 , 242.173553 
 462 , 249.502991 , 521.329346 , 275.140564 , 466.027008 
 463 , 245.614578 , 127.362038 , 665.992981 , 473.030396 
 464 , 438.706268 , 135.199127 , 903.183655 , 34.910919 
 465 , 51.414665 , 781.694092 , 293.048553 , 385.842712 
 466 , 405.351532 , 444.437622 , 190.972198 , 471.238647 
 467 , 386.048950 , 633.503479 , 310.386139 , 182.061401 
 468 , 268.642151 , 451.831299 , 618.300598 , 173.225906 
 469 , 75.806831 , 405.059784 , 511.886444 , 519.246948 
 470 , 88.294609 , 590.177368 , 181.103378 , 652.424683 
 471 , 368.134491 , 510.333710 , 147.833450 , 485.698303 
 472 , 136.082428 , 620.906372 , 404.556152 , 350.455048 
 473 , 405.608795 , 78.653755 , 507.297882 , 520.439575 
 474 , 840.257385 , 230.257111 , 132.952881 , 308.532593 
 475 , 319.064972 , 256.592072 , 62.280750 , 874.062073 
 476 , 742.098145 , 179.970596 , 116.683670 , 473.247589 
 477 , 116.880089 , 81.886757 , 905.227600 , 408.005615 
 478 , 341.053680 , 493.183807 , 254.702789 , 423.059723 
 479 , 42.342117 , 659.877625 , 199.716614 , 610.063660 
 480 , 314.202087 , 371.768219 , 416.208679 , 409.821106 
 481 , 114.470428 , 771.525269 , 608.517334 , 17.486994 
 482 , 803.689148 , 170.159348 , 224.693207 , 313.458130 
 483 , 687.634888 , 324.208160 , 336.091370 , 164.065628 
 484 , 511.681488 , 317.701538 , 268.796234 , 413.820618 
 485 , 441.858734 , 510.746460 , 125.585762 , 433.809082 
 486 , 61.840492 , 747.372192 , 290.320038 , 412.467285 
 487 , 475.929504 , 192.471436 , 68.679474 , 774.919495 
 488 , 153.499451 , 500.392578 , 366.921173 , 491.186890 
 489 , 928.609680 , 25.105606 , 150.788956 , 407.495789 
 490 , 242.987396 , 542.161438 , 522.989929 , 203.861298 
 491 , 415.480103 , 419.877716 , 515.662415 , 160.979706 
 492 , 631.482727 , 592.344238 , 247.968277 , 40.204689 
 493 , 493.754517 , 352.751953 , 434.600830 , 230.892700 
 494 , 471.168335 , 332.779297 , 497.428497 , 210.623749 
 495 , 593.359070 , 270.744385 , 616.946594 , 30.949984 
 496 , 39.770287 , 629.286743 , 518.341309 , 324.601715 
 497 , 262.610840 , 479.125244 , 606.886108 , 163.377808 
 498 , 50.292583 , 364.373962 , 548.561096 , 548.772461 
 499 , 100.516365 , 272.039673 , 690.477295 , 448.966614 
 500 , 298.442902 , 226.672806 , 624.276001 , 362.608246 
 501 , 361.094513 , 528.800293 , 300.437134 , 321.668060 
 502 , 503.562683 , 188.625229 , 339.749207 , 480.062866 
 503 , 488.773132 , 374.640656 , 457.466766 , 191.119522 
 504 , 209.183853 , 397.260223 , 316.147827 , 589.408020 
 505 , 554.555359 , 654.412170 , 267.139893 , 35.892559 
 506 , 287.610199 , 213.238297 , 694.411072 , 316.740448 
 507 , 332.021179 , 389.712646 , 442.479431 , 347.786743 
 508 , 172.430283 , 595.589478 , 153.167297 , 590.812927 
 509 , 345.832062 , 579.324463 , 533.201111 , 53.642380 
 510 , 98.988861 , 318.424774 , 436.391937 , 658.194336 
 511 , 243.148590 , 345.952057 , 224.011841 , 698.887512 
 512 , 481.579315 , 94.729210 , 570.229858 , 365.461578 
 513 , 209.608658 , 197.431610 , 31.400967 , 1073.558716 
 514 , 544.553101 , 177.697281 , 349.597107 , 440.152496 
 515 , 429.167114 , 451.889038 , 282.986267 , 347.957672 
 516 , 495.214172 , 431.677032 , 449.960846 , 135.147888 
 517 , 193.399582 , 374.540009 , 612.749817 , 331.310547 
 518 , 755.325439 , 164.308853 , 129.643219 , 462.722473 
 519 , 545.257080 , 362.044891 , 525.470337 , 79.227638 
 520 , 514.259766 , 483.905121 , 485.182983 , 28.652208 
 521 , 109.252144 , 520.922729 , 481.063324 , 400.761780 
 522 , 511.289795 , 681.815613 , 208.462921 , 110.431702 
 523 , 387.700714 , 263.312836 , 361.303375 , 499.683136 
 524 , 342.646851 , 299.101593 , 276.428864 , 593.822693 
 525 , 469.156525 , 511.339386 , 359.434052 , 172.070038 
 526 , 450.611969 , 200.942978 , 367.192719 , 493.252319 
 527 , 589.358459 , 152.398621 , 628.786133 , 141.456802 
 528 , 428.684814 , 362.454102 , 332.704254 , 388.156830 
 529 , 443.725403 , 465.121338 , 474.870514 , 128.282806 
 530 , 482.746094 , 342.030182 , 483.132263 , 204.091461 
 531 , 37.774437 , 335.190460 , 411.986572 , 727.048584 
 532 , 506.454620 , 265.236572 , 377.612427 , 362.696442 
 533 , 856.512207 , 186.328491 , 61.439724 , 407.719635 
 534 , 437.502136 , 389.054321 , 285.074615 , 400.368896 
 535 , 461.809967 , 509.588837 , 227.094147 , 313.507111 
 536 , 1003.390564 , 239.406342 , 148.513718 , 120.689438 
 537 , 448.261200 , 289.921539 , 504.313202 , 269.504028 
 538 , 194.915176 , 546.068909 , 515.539795 , 255.476089 
 539 , 740.188538 , 246.246552 , 226.706726 , 298.858093 
 540 , 197.576752 , 380.443237 , 873.513123 , 60.466930 
 541 , 187.837891 , 114.253952 , 849.370789 , 360.537354 
 542 , 408.693848 , 446.694061 , 368.042969 , 288.569244 
 543 , 248.353806 , 173.643661 , 427.558960 , 662.443604 
 544 , 550.288025 , 409.699219 , 488.491241 , 63.521618 
 545 , 180.688644 , 172.391281 , 646.526428 , 512.393555 
 546 , 303.668213 , 280.898010 , 450.076050 , 477.357666 
 547 , 113.366791 , 1061.108765 , 118.623932 , 218.900391 
 548 , 578.482605 , 299.934357 , 563.390015 , 70.193069 
 549 , 188.756287 , 592.358093 , 145.057846 , 585.827698 
 550 , 487.289337 , 304.451660 , 200.683273 , 519.575684 
 551 , 343.026672 , 400.051208 , 247.392899 , 521.529114 
 552 , 413.657227 , 40.983822 , 427.021576 , 630.337402 
 553 , 122.245171 , 510.441437 , 318.135559 , 561.177734 
 554 , 268.120270 , 582.985657 , 602.677795 , 58.216312 
 555 , 556.892151 , 382.592560 , 377.638397 , 194.876938 
 556 , 419.285736 , 445.399078 , 107.756119 , 539.559082 
 557 , 459.553864 , 435.759918 , 335.490051 , 281.196075 
 558 , 172.871765 , 467.773346 , 489.846527 , 381.508392 
 559 , 148.126282 , 254.392685 , 744.012939 , 365.468140 
 560 , 191.830460 , 619.890625 , 23.363670 , 676.915222 
 561 , 376.200897 , 142.849701 , 429.203217 , 563.746155 
 562 , 796.544373 , 333.917419 , 185.707886 , 195.830276 
 563 , 123.660439 , 550.032227 , 276.198425 , 562.108887 
 564 , 325.419495 , 333.754791 , 257.305420 , 595.520203 
 565 , 398.936005 , 703.167175 , 10.493376 , 399.403442 
 566 , 147.765121 , 736.530518 , 237.391541 , 390.312836 
 567 , 302.229279 , 1035.618164 , 27.239923 , 146.912689 
 568 , 550.848999 , 455.707336 , 367.710785 , 137.732941 
 569 , 501.089752 , 145.560562 , 408.343689 , 457.006042 
 570 , 236.149643 , 815.615601 , 165.929657 , 294.305267 
 571 , 570.975220 , 556.684143 , 367.991669 , 16.349007 
 572 , 652.019470 , 264.522095 , 324.343170 , 271.115387 
 573 , 350.052338 , 603.428528 , 413.390991 , 145.128174 
 574 , 641.745972 , 182.168396 , 85.875122 , 602.210571 
 575 , 244.992661 , 339.826843 , 263.950562 , 663.229919 
 576 , 705.204773 , 242.546371 , 404.630615 , 159.618286 
 577 , 531.632263 , 47.144428 , 472.194031 , 461.029236 
 578 , 259.214355 , 538.871033 , 219.125580 , 494.789124 
 579 , 158.474258 , 584.026550 , 347.006287 , 422.493011 
 580 , 136.128021 , 500.343292 , 581.676636 , 293.852112 
 581 , 193.159882 , 131.870773 , 553.890747 , 633.078491 
 582 , 572.943420 , 15.244473 , 308.009430 , 615.802673 
 583 , 291.418549 , 231.066605 , 497.244995 , 492.269897 
 584 , 246.023529 , 85.954071 , 987.932739 , 192.089600 
 585 , 231.133392 , 499.535034 , 309.776855 , 471.554688 
 586 , 263.552002 , 355.246521 , 515.464417 , 377.737030 
 587 , 236.410660 , 104.647079 , 573.693054 , 597.249207 
 588 , 742.418579 , 156.703094 , 159.366745 , 453.511566 
 589 , 452.266266 , 171.596207 , 447.998505 , 440.139099 
 590 , 558.639099 , 336.641052 , 85.690262 , 531.029724 
 591 , 535.407898 , 532.752502 , 267.980438 , 175.859146 
 592 , 417.776184 , 318.564240 , 174.043869 , 601.615723 
 593 , 99.192276 , 683.877625 , 419.574371 , 309.355682 
 594 , 409.560516 , 261.415222 , 354.477631 , 486.546570 
 595 , 381.274719 , 519.975708 , 489.561707 , 121.187836 
 596 , 413.365265 , 715.556946 , 204.093750 , 178.983963 
 597 , 656.816772 , 229.948746 , 10.916135 , 614.318298 
 598 , 439.842682 , 403.524475 , 482.514557 , 186.118286 
 599 , 539.595276 , 371.348969 , 289.654297 , 311.401428 
 600 , 464.869476 , 394.067688 , 393.803497 , 259.259460 
 601 , 515.180298 , 518.759766 , 352.341980 , 125.717918 
 602 , 246.104416 , 87.907585 , 474.995178 , 702.992859 
 603 , 472.839478 , 62.810528 , 675.425110 , 300.924988 
 604 , 415.633789 , 535.333984 , 269.537567 , 291.494537 
 605 , 467.048065 , 29.298138 , 457.858490 , 557.795227 
 606 , 324.656799 , 885.673950 , 277.310669 , 24.358601 
 607 , 182.849686 , 580.142822 , 483.544678 , 265.462830 
 608 , 162.235306 , 347.151428 , 501.657654 , 500.955750 
 609 , 559.167175 , 322.598358 , 498.635986 , 131.598526 
 610 , 471.106018 , 364.728027 , 471.055542 , 205.110504 
 611 , 159.493942 , 732.604919 , 49.891663 , 570.009399 
 612 , 641.527649 , 546.237610 , 242.489746 , 81.745033 
 613 , 747.549805 , 72.289070 , 104.230675 , 587.930420 
 614 , 378.060852 , 47.252464 , 486.632721 , 600.053894 
 615 , 338.087799 , 375.350494 , 700.681458 , 97.880264 
 616 , 409.661926 , 501.974518 , 294.060699 , 306.302826 
 617 , 233.775970 , 444.037964 , 396.234161 , 437.951843 
 618 , 486.576752 , 443.640503 , 410.454071 , 171.328659 
 619 , 116.359779 , 36.726303 , 812.751648 , 546.162354 
 620 , 261.234406 , 472.448334 , 499.549255 , 278.768097 
 621 , 621.605652 , 59.732151 , 276.603271 , 554.059021 
 622 , 256.767151 , 191.852692 , 411.454529 , 651.925659 
 623 , 107.458214 , 327.773041 , 717.019775 , 359.748993 
 624 , 398.547668 , 298.706146 , 400.141907 , 414.604279 
 625 , 523.516113 , 53.060040 , 573.445618 , 361.978149 
 626 , 569.288147 , 274.044800 , 536.220215 , 132.446838 
 627 , 392.260712 , 115.019379 , 814.207886 , 190.511993 
 628 , 348.233368 , 469.517456 , 183.528015 , 510.721252 
 629 , 248.738815 , 621.715271 , 440.622528 , 200.923279 
 630 , 582.141541 , 274.316406 , 394.838989 , 260.703125 
 631 , 625.439453 , 605.216187 , 10.548950 , 270.795441 
 632 , 364.914825 , 460.719055 , 192.126709 , 494.239380 
 633 , 142.114014 , 678.951172 , 350.649811 , 340.285004 
 634 , 83.113716 , 550.438477 , 600.550659 , 277.897186 
 635 , 511.031006 , 114.549217 , 493.746246 , 392.673431 
 636 , 776.109863 , 262.888123 , 229.854340 , 243.147736 
 637 , 371.778351 , 116.257553 , 658.041260 , 365.922760 
 638 , 156.657150 , 309.089691 , 565.254089 , 480.999054 
 639 , 325.960968 , 997.032227 , 123.298752 , 65.708099 
 640 , 212.760895 , 312.035217 , 597.507629 , 389.696136 
 641 , 227.266891 , 400.851990 , 441.725220 , 442.155884 
 642 , 515.699341 , 634.492920 , 209.734604 , 152.073196 
 643 , 453.820435 , 343.627686 , 318.714417 , 395.837494 
 644 , 259.921936 , 444.726013 , 259.941742 , 547.410339 
 645 , 327.826324 , 926.785828 , 16.994644 , 240.393265 
 646 , 314.349579 , 82.216209 , 565.640564 , 549.793701 
 647 , 580.369263 , 133.617279 , 196.817657 , 601.195801 
 648 , 304.783783 , 472.531433 , 150.372314 , 584.312561 
 649 , 654.319397 , 149.228195 , 685.444824 , 23.007637 
 650 , 269.172150 , 184.369156 , 763.379089 , 295.079712 
 651 , 171.699265 , 274.665680 , 354.822815 , 710.812195 
 652 , 246.575592 , 635.326843 , 334.085297 , 296.012360 
 653 , 470.673706 , 272.136719 , 256.371277 , 512.818359 
 654 , 233.059082 , 375.715302 , 442.830414 , 460.395142 
 655 , 423.551361 , 162.000122 , 689.753296 , 236.695175 
 656 , 633.467224 , 165.668518 , 227.758026 , 485.106262 
 657 , 87.954689 , 480.558472 , 389.850067 , 553.636780 
 658 , 237.849075 , 91.974876 , 562.854309 , 619.321716 
 659 , 297.789154 , 542.011597 , 246.690445 , 425.508728 
 660 , 565.111450 , 460.795349 , 251.757492 , 234.335678 
 661 , 531.083923 , 300.952637 , 482.627960 , 197.335403 
 662 , 562.658875 , 109.727592 , 672.329224 , 167.284180 
 663 , 655.823608 , 313.919342 , 429.201202 , 113.055878 
 664 , 350.673920 , 78.230492 , 751.004639 , 332.090973 
 665 , 237.841949 , 385.403168 , 381.423889 , 507.330963 
 666 , 266.513794 , 288.480804 , 317.158203 , 639.847290 
 667 , 219.311432 , 110.930725 , 365.845856 , 815.912048 
 668 , 439.588776 , 512.634888 , 151.803329 , 407.973083 
 669 , 17.409395 , 514.680908 , 207.836487 , 772.073181 
 670 , 246.945007 , 744.195313 , 64.440536 , 456.419128 
 671 , 191.033524 , 765.647888 , 285.456085 , 269.862549 
 672 , 310.112518 , 345.179596 , 309.546936 , 547.160889 
 673 , 887.285156 , 212.525558 , 293.351624 , 118.837608 
 674 , 565.981140 , 206.677399 , 370.172882 , 369.168549 
 675 , 409.278046 , 188.231613 , 449.292633 , 465.197662 
 676 , 490.724823 , 380.162750 , 304.957581 , 336.154785 
 677 , 419.010193 , 304.348053 , 73.568359 , 715.073486 
 678 , 397.801605 , 727.375061 , 89.632126 , 297.191254 
 679 , 235.005341 , 295.744873 , 855.568726 , 125.681099 
 680 , 540.078918 , 628.687073 , 235.434799 , 107.799255 
 681 , 46.655056 , 243.072037 , 743.423218 , 478.849731 
 682 , 534.561279 , 557.068604 , 103.424843 , 316.945404 
 683 , 319.578064 , 437.366150 , 381.019379 , 374.036377 
 684 , 996.758911 , 166.461609 , 304.698029 , 44.081505 
 685 , 234.947906 , 553.928772 , 512.967651 , 210.155640 
 686 , 568.165039 , 273.876648 , 526.538818 , 143.419479 
 687 , 724.802246 , 210.610153 , 72.101700 , 504.485870 
 688 , 619.871948 , 104.203178 , 90.741837 , 697.182983 
 689 , 445.367584 , 265.351807 , 523.504700 , 277.776001 
 690 , 584.693726 , 186.705994 , 460.478271 , 280.122009 
 691 , 404.054779 , 225.654465 , 429.628540 , 452.662170 
 692 , 385.600708 , 431.396301 , 240.377472 , 454.625580 
 693 , 389.836304 , 74.827980 , 523.014160 , 524.321716 
 694 , 42.544147 , 600.898804 , 776.890381 , 91.666618 
 695 , 278.911407 , 400.963531 , 434.218628 , 397.906403 
 696 , 536.969116 , 322.806549 , 476.419922 , 175.804367 
 697 , 539.491272 , 253.844666 , 427.611084 , 291.052979 
 698 , 396.821533 , 423.082886 , 270.980408 , 421.115173 
 699 , 294.848328 , 653.690735 , 218.576324 , 344.884674 
 700 , 576.914856 , 14.695318 , 375.858459 , 544.531494 
 701 , 62.050728 , 595.369751 , 650.864563 , 203.715042 
 702 , 956.639038 , 76.032875 , 391.628571 , 87.699661 
 703 , 88.525047 , 605.911804 , 361.392731 , 456.170471 
 704 , 441.008911 , 317.090973 , 349.077209 , 404.822998 
 705 , 35.092445 , 766.479309 , 100.294189 , 610.134033 
 706 , 532.380737 , 262.166534 , 301.114075 , 416.338745 
 707 , 501.042725 , 272.375763 , 468.539948 , 270.041626 
 708 , 67.152786 , 374.901611 , 539.827637 , 530.118042 
 709 , 394.685974 , 352.341522 , 523.487244 , 241.485367 
 710 , 178.719131 , 135.998093 , 806.645264 , 390.637604 
 711 , 458.189575 , 360.168854 , 294.648468 , 398.993134 
 712 , 480.830078 , 233.579483 , 96.094276 , 701.496216 
 713 , 355.208191 , 137.827972 , 587.345581 , 431.618347 
 714 , 510.729675 , 648.604919 , 33.849861 , 318.815552 
 715 , 96.730949 , 275.691864 , 966.062073 , 173.515137 
 716 , 228.884430 , 278.089935 , 661.801392 , 343.224304 
 717 , 213.789444 , 809.185059 , 62.978371 , 426.047150 
 718 , 443.936401 , 257.122253 , 481.321991 , 329.619324 
 719 , 453.621887 , 530.041931 , 480.791260 , 47.544910 
 720 , 368.467102 , 213.078262 , 223.457428 , 706.997253 
 721 , 663.078674 , 239.128632 , 426.966949 , 182.825821 
 722 , 308.126343 , 398.953369 , 203.038986 , 601.881348 
 723 , 379.530975 , 414.823792 , 59.128662 , 658.516479 
 724 , 101.293289 , 718.390259 , 176.734299 , 515.582153 
 725 , 129.682861 , 348.816620 , 345.481354 , 688.019104 
 726 , 558.268311 , 41.151608 , 565.580261 , 346.999817 
 727 , 391.141785 , 369.850525 , 356.915283 , 394.092377 
 728 , 22.352867 , 433.545166 , 405.142120 , 650.959900 
 729 , 416.396271 , 313.657440 , 661.135803 , 120.810432 
 730 , 460.608887 , 113.005783 , 152.060760 , 786.324585 
 731 , 234.034027 , 65.550674 , 526.225769 , 686.189392 
 732 , 441.182983 , 654.946716 , 27.704140 , 388.166107 
 733 , 115.180008 , 285.223755 , 294.197357 , 817.398865 
 734 , 257.008911 , 356.042511 , 746.225037 , 152.723480 
 735 , 103.306686 , 234.942673 , 28.429037 , 1145.321655 
 736 , 85.389130 , 762.628357 , 554.703125 , 109.279320 
 737 , 52.496391 , 195.050842 , 539.572449 , 724.880371 
 738 , 1122.321045 , 147.931396 , 129.609238 , 112.138229 
 739 , 760.018250 , 244.802338 , 409.721283 , 97.458130 
 740 , 815.043884 , 39.949947 , 21.661924 , 635.344238 
 741 , 682.053589 , 357.651611 , 321.038239 , 151.256668 
 742 , 324.858551 , 397.120789 , 359.847961 , 430.172760 
 743 , 489.798798 , 295.613953 , 484.974792 , 241.612411 
 744 , 644.667236 , 448.259491 , 98.265762 , 320.807556 
 745 , 594.505615 , 600.413452 , 79.467598 , 237.613327 
 746 , 393.435852 , 664.174072 , 162.841385 , 291.548767 
 747 , 37.052288 , 745.111450 , 11.285977 , 718.550232 
 748 , 33.297112 , 524.480225 , 593.611023 , 360.611694 
 749 , 478.326111 , 384.023834 , 603.244263 , 46.405586 
 750 , 325.714630 , 82.931808 , 82.341606 , 1021.011963 
 751 , 491.339172 , 433.203552 , 42.744389 , 544.712891 
 752 , 206.566986 , 670.179504 , 147.116852 , 488.136536 
 753 , 269.587189 , 664.462646 , 446.953766 , 130.996445 
 754 , 351.150543 , 478.518280 , 231.503235 , 450.827911 
 755 , 246.346603 , 394.867249 , 581.672729 , 289.113434 
 756 , 30.460455 , 117.921692 , 919.539246 , 444.078644 
 757 , 80.871010 , 761.232666 , 270.565979 , 399.330353 
 758 , 599.277832 , 549.925415 , 277.166260 , 85.630585 
 759 , 524.937317 , 395.598846 , 471.160065 , 120.303680 
 760 , 507.110382 , 267.489258 , 95.558067 , 641.842346 
 761 , 615.337830 , 380.370148 , 167.471237 , 348.820831 
 762 , 411.143829 , 241.710297 , 443.454071 , 415.691833 
 763 , 39.957016 , 17.533886 , 698.511536 , 755.997559 
 764 , 310.503540 , 135.657410 , 460.166626 , 605.672485 
 765 , 586.468445 , 426.836365 , 104.641510 , 394.053741 
 766 , 765.489136 , 353.452271 , 368.832153 , 24.226400 
 767 , 55.898529 , 403.653107 , 677.384094 , 375.064209 
 768 , 451.557678 , 605.691956 , 37.617195 , 417.133179 
 769 , 417.424652 , 397.690399 , 457.134399 , 239.750580 
 770 , 48.026489 , 700.953430 , 90.586555 , 672.433472 
 771 , 495.456268 , 415.192291 , 500.328308 , 101.023041 
 772 , 681.712158 , 197.996353 , 584.184692 , 48.106747 
 773 , 252.552963 , 398.046021 , 340.561890 , 520.839050 
 774 , 441.691467 , 348.329865 , 241.987610 , 479.991028 
 775 , 168.637390 , 420.467621 , 558.152832 , 364.742065 
 776 , 474.463226 , 221.598740 , 314.121216 , 501.816895 
 777 , 386.314545 , 413.524048 , 441.854431 , 270.306946 
 778 , 554.352295 , 264.040100 , 338.531647 , 355.075928 
 779 , 251.769867 , 570.427795 , 347.734650 , 342.067688 
 780 , 145.476318 , 505.003967 , 498.392212 , 363.127563 
 781 , 423.145813 , 672.296875 , 97.799133 , 318.758148 
 782 , 388.518768 , 193.069580 , 632.409119 , 298.002563 
 783 , 891.693298 , 231.311691 , 258.247192 , 130.747772 
 784 , 401.276367 , 31.280376 , 220.807739 , 858.635559 
 785 , 823.404419 , 78.454315 , 298.209686 , 311.931519 
 786 , 629.588379 , 272.957642 , 524.317871 , 85.136192 
 787 , 399.929871 , 385.799042 , 185.055359 , 541.215698 
 788 , 850.257446 , 546.764587 , 81.770523 , 33.207443 
 789 , 567.619995 , 430.726257 , 39.341293 , 474.312408 
 790 , 337.709747 , 509.591736 , 104.523254 , 560.175232 
 791 , 90.158653 , 546.625549 , 333.510986 , 541.704773 
 792 , 348.123810 , 90.505669 , 915.288513 , 158.082092 
 793 , 74.409592 , 503.520508 , 124.212723 , 809.857239 
 794 , 418.770813 , 439.122009 , 449.555756 , 204.551514 
 795 , 466.824615 , 382.262360 , 268.243347 , 394.669647 
 796 , 134.534607 , 620.980347 , 321.668396 , 434.816711 
 797 , 94.402679 , 537.342346 , 678.102356 , 202.152527 
 798 , 317.505310 , 359.492737 , 420.912445 , 414.089508 
 799 , 75.047180 , 611.831848 , 115.673676 , 709.447388 
 800 , 815.528564 , 143.023727 , 489.916534 , 63.531261 
 801 , 81.483391 , 19.136974 , 591.234436 , 820.145142 
 802 , 410.741302 , 423.408783 , 343.256439 , 334.593506 
 803 , 583.129150 , 609.544678 , 175.527206 , 143.798859 
 804 , 750.965332 , 40.291351 , 262.735657 , 458.007568 
 805 , 34.363224 , 544.942261 , 842.998413 , 89.696053 
 806 , 348.277435 , 358.984589 , 740.428894 , 64.309052 
 807 , 521.543457 , 67.062073 , 425.290985 , 498.103455 
 808 , 563.828979 , 335.654938 , 23.711277 , 588.804871 
 809 , 135.389816 , 596.398682 , 170.144501 , 610.067139 
 810 , 753.503906 , 273.512451 , 59.669594 , 425.313995 
 811 , 49.926125 , 730.170776 , 344.296722 , 387.606445 
 812 , 323.770721 , 875.583923 , 150.205475 , 162.440002 
 813 , 241.031006 , 224.052689 , 233.820480 , 813.095825 
 814 , 280.757324 , 469.259277 , 182.609955 , 579.373535 
 815 , 482.761719 , 217.688385 , 369.404572 , 442.145416 
 816 , 157.171265 , 73.173767 , 816.759155 , 464.895874 
 817 , 585.681030 , 472.105103 , 174.740967 , 279.472870 
 818 , 431.580139 , 252.762726 , 450.556274 , 377.100830 
 819 , 193.733871 , 629.884949 , 314.882538 , 373.498657 
 820 , 409.976166 , 197.827133 , 728.402405 , 175.794342 
 821 , 67.994736 , 459.631683 , 301.092133 , 683.281494 
 822 , 565.540649 , 312.112518 , 569.658630 , 64.688141 
 823 , 378.528107 , 567.544861 , 530.652039 , 35.275078 
 824 , 116.398232 , 764.709412 , 274.424988 , 356.467316 
 825 , 487.452332 , 270.970459 , 257.164917 , 496.412231 
 826 , 65.606834 , 524.176636 , 506.499756 , 415.716705 
 827 , 256.259338 , 970.481018 , 130.401184 , 154.858444 
 828 , 435.774658 , 398.946014 , 582.539978 , 94.739357 
 829 , 126.470963 , 566.703003 , 453.830719 , 364.995361 
 830 , 439.272919 , 337.977234 , 381.182617 , 353.567200 
 831 , 209.939896 , 136.419830 , 102.474693 , 1063.165527 
 832 , 114.963890 , 344.967834 , 526.700134 , 525.368103 
 833 , 124.302315 , 92.135818 , 465.966553 , 829.595337 
 834 , 180.016571 , 932.199829 , 157.649200 , 242.134476 
 835 , 388.394318 , 308.473389 , 324.602203 , 490.530121 
 836 , 467.103729 , 781.183228 , 161.732681 , 101.980400 
 837 , 468.011414 , 591.207703 , 129.221603 , 323.559174 
 838 , 572.256104 , 318.991455 , 504.581329 , 116.171188 
 839 , 462.811310 , 396.907776 , 233.935333 , 418.345642 
 840 , 212.164078 , 450.148132 , 524.961487 , 324.726349 
 841 , 170.443176 , 128.970718 , 383.952423 , 828.633606 
 842 , 736.723694 , 141.421234 , 387.333344 , 246.521652 
 843 , 104.445175 , 601.394043 , 611.055603 , 195.105133 
 844 , 167.009888 , 610.320007 , 375.211456 , 359.458771 
 845 , 26.502241 , 523.873108 , 533.752319 , 427.872192 
 846 , 410.112854 , 84.166351 , 671.669128 , 346.051605 
 847 , 386.002014 , 453.391174 , 25.140480 , 647.466431 
 848 , 847.936951 , 162.504211 , 278.253540 , 223.305222 
 849 , 150.916718 , 247.767273 , 327.205139 , 786.110840 
 850 , 115.868118 , 277.729065 , 839.101990 , 279.300964 
 851 , 204.362030 , 645.518433 , 11.645019 , 650.474365 
 852 , 316.084045 , 318.234222 , 453.577576 , 424.104248 
 853 , 98.515648 , 495.252899 , 464.723755 , 453.507660 
 854 , 322.503082 , 177.020935 , 297.342743 , 715.133301 
 855 , 349.126373 , 278.181702 , 244.429810 , 640.262085 
 856 , 305.368073 , 98.237312 , 623.829102 , 484.565491 
 857 , 159.520966 , 477.895996 , 547.102539 , 327.480438 
 858 , 433.047821 , 258.009796 , 689.544678 , 131.397781 
 859 , 346.842896 , 96.597191 , 537.170349 , 531.389587 
 860 , 129.361603 , 566.999695 , 543.767700 , 271.870972 
 861 , 216.197876 , 736.216187 , 513.338562 , 46.247452 
 862 , 506.885864 , 408.419434 , 305.607422 , 291.087280 
 863 , 347.960388 , 323.940247 , 765.534424 , 74.564964 
 864 , 460.279327 , 617.551941 , 382.891174 , 51.277542 
 865 , 255.438980 , 295.936035 , 825.686401 , 134.938507 
 866 , 330.760620 , 318.830963 , 585.098572 , 277.309845 
 867 , 177.613525 , 408.111176 , 634.470764 , 291.804565 
 868 , 588.705322 , 124.155090 , 343.903076 , 455.236511 
 869 , 95.035088 , 511.665771 , 597.552612 , 307.746429 
 870 , 463.555023 , 241.959808 , 428.227051 , 378.258026 
 871 , 75.009079 , 443.383911 , 146.645020 , 846.961914 
 872 , 583.584900 , 203.550110 , 130.546417 , 594.318542 
 873 , 68.914513 , 499.341187 , 564.032776 , 379.711517 
 874 , 45.954704 , 551.355347 , 591.920715 , 322.769135 
 875 , 367.350983 , 372.352234 , 431.112061 , 341.184784 
 876 , 370.537659 , 68.671440 , 511.779419 , 561.011475 
 877 , 605.077209 , 54.883705 , 404.273071 , 447.766083 
 878 , 553.793274 , 81.332520 , 547.819885 , 329.054321 
 879 , 199.269684 , 552.845398 , 123.223106 , 636.661926 
 880 , 405.286224 , 355.881165 , 26.384327 , 724.448303 
 881 , 533.706848 , 111.667236 , 175.155731 , 691.470215 
 882 , 176.415878 , 493.636200 , 479.830170 , 362.117737 
 883 , 561.272583 , 80.052925 , 244.812805 , 625.861694 
 884 , 227.946243 , 520.937134 , 284.594452 , 478.522125 
 885 , 541.518799 , 170.233292 , 172.431519 , 627.816406 
 886 , 467.480652 , 400.570129 , 267.116913 , 376.832275 
 887 , 309.710693 , 444.330048 , 426.890808 , 331.068359 
 888 , 211.288422 , 590.151794 , 402.101257 , 308.458496 
 889 , 504.069550 , 251.176529 , 340.833221 , 415.920685 
 890 , 544.691711 , 573.396484 , 361.669159 , 32.242725 
 891 , 579.306885 , 97.681747 , 572.707825 , 262.303619 
 892 , 153.734741 , 325.856750 , 455.011108 , 577.397339 
 893 , 760.177246 , 270.162354 , 409.755554 , 71.904846 
 894 , 401.052856 , 271.935638 , 42.570114 , 796.441406 
 895 , 408.374420 , 277.739105 , 278.615845 , 547.270691 
 896 , 45.595612 , 296.418091 , 345.265198 , 824.721008 
 897 , 382.939819 , 410.085846 , 368.152161 , 350.822235 
 898 , 377.485779 , 90.609283 , 665.544983 , 378.359985 
 899 , 613.203369 , 26.719976 , 324.563843 , 547.512695 
 900 , 380.879395 , 457.951141 , 239.485992 , 433.683441 
 901 , 337.643585 , 432.497253 , 399.879059 , 341.980103 
 902 , 448.447021 , 453.764374 , 320.846252 , 288.942322 
 903 , 547.813782 , 252.237106 , 70.467743 , 641.481384 
 904 , 584.732422 , 393.089111 , 448.580414 , 85.598122 
 905 , 335.276093 , 256.713440 , 215.517639 , 704.492737 
 906 , 480.755615 , 426.555756 , 493.119324 , 111.569336 
 907 , 310.294495 , 275.882782 , 300.334808 , 625.487854 
 908 , 439.880402 , 184.160553 , 68.477051 , 819.481995 
 909 , 355.108063 , 367.500183 , 551.390747 , 238.000977 
 910 , 559.986206 , 441.572296 , 481.662811 , 28.778700 
 911 , 107.725250 , 751.164001 , 280.578125 , 372.532593 
 912 , 533.352600 , 182.472946 , 382.698547 , 413.475861 
 913 , 55.567913 , 750.039429 , 385.623962 , 320.768677 
 914 , 435.865265 , 287.840027 , 385.267090 , 403.027618 
 915 , 487.843018 , 133.666412 , 346.429443 , 544.061157 
 916 , 503.531158 , 81.994675 , 485.134247 , 441.340027 
 917 , 124.806343 , 719.764160 , 10.287016 , 657.142517 
 918 , 62.806164 , 647.813171 , 129.710693 , 671.669983 
 919 , 170.495529 , 540.663452 , 680.313171 , 120.527809 
 920 , 198.688507 , 313.297974 , 182.972031 , 817.041565 
 921 , 628.842590 , 166.620300 , 363.550140 , 352.986938 
 922 , 272.673676 , 469.011536 , 423.974762 , 346.340057 
 923 , 83.909492 , 780.226685 , 237.459671 , 410.404205 
 924 , 465.454834 , 373.127502 , 436.219727 , 237.197937 
 925 , 258.737000 , 410.983307 , 506.851349 , 335.428284 
 926 , 45.436623 , 22.757185 , 249.850006 , 1193.956299 
 927 , 11.871319 , 389.149933 , 120.615723 , 990.362976 
 928 , 390.785095 , 399.871765 , 434.548340 , 286.794739 
 929 , 310.712128 , 301.983032 , 355.394775 , 543.910156 
 930 , 465.695221 , 274.314545 , 381.592316 , 390.397919 
 931 , 217.186691 , 751.322998 , 313.878815 , 229.611374 
 932 , 332.449280 , 626.818481 , 305.004333 , 247.727905 
 933 , 763.144531 , 154.717545 , 134.757416 , 459.380493 
 934 , 160.048920 , 544.129822 , 424.371796 , 383.449371 
 935 , 715.019348 , 261.428986 , 393.992706 , 141.558960 
 936 , 308.210815 , 427.783051 , 402.707703 , 373.298370 
 937 , 511.667755 , 140.283096 , 146.144104 , 713.905029 
 938 , 126.826736 , 519.180542 , 360.309784 , 505.682800 
 939 , 587.680725 , 77.223663 , 96.982994 , 750.112610 
 940 , 121.654068 , 413.932373 , 737.011719 , 239.401886 
 941 , 223.749756 , 524.429993 , 529.392578 , 234.427826 
 942 , 537.940674 , 427.488434 , 119.451324 , 427.119659 
 943 , 43.494762 , 452.592987 , 393.326660 , 622.585632 
 944 , 399.890503 , 487.407257 , 45.413757 , 579.288513 
 945 , 576.290588 , 388.062073 , 377.518524 , 170.128845 
 946 , 459.706085 , 327.681305 , 486.532684 , 238.079956 
 947 , 822.779175 , 92.184822 , 464.117249 , 132.918579 
 948 , 371.593536 , 329.546722 , 376.745819 , 434.113861 
 949 , 32.924644 , 203.334167 , 666.672241 , 609.068970 
 950 , 726.804565 , 19.043549 , 226.897369 , 539.254395 
 951 , 68.268448 , 199.394333 , 705.328003 , 539.009216 
 952 , 196.401672 , 424.982574 , 561.144409 , 329.471283 
 953 , 340.930786 , 548.146667 , 397.249298 , 225.673218 
 954 , 420.892975 , 358.956757 , 463.106018 , 269.044250 
 955 , 204.264633 , 247.487228 , 948.416992 , 111.831055 
 956 , 312.610168 , 387.372833 , 363.047455 , 448.969574 
 957 , 364.566772 , 353.637268 , 384.169037 , 409.626923 
 958 , 460.447571 , 454.464539 , 467.173920 , 129.913864 
 959 , 346.054993 , 28.463221 , 653.856567 , 483.625244 
 960 , 36.908112 , 228.666016 , 359.233551 , 887.192322 
 961 , 463.241943 , 311.865204 , 388.682404 , 348.210449 
 962 , 1114.422241 , 99.800240 , 152.370422 , 145.407028 
 963 , 433.230774 , 86.195015 , 552.586304 , 439.987854 
 964 , 836.023682 , 72.573624 , 96.149948 , 507.252747 
 965 , 549.749329 , 96.707359 , 802.037292 , 63.505955 
 966 , 254.410812 , 456.010925 , 296.999512 , 504.578705 
 967 , 874.613525 , 160.729523 , 99.448273 , 377.208710 
 968 , 82.093689 , 60.897358 , 739.212524 , 629.796326 
 969 , 274.514618 , 499.382080 , 190.275696 , 547.827637 
 970 , 358.181580 , 383.663361 , 392.200500 , 377.954590 
 971 , 348.296356 , 411.628815 , 578.197571 , 173.877274 
 972 , 947.177246 , 117.719696 , 432.851379 , 14.251676 
 973 , 312.338928 , 227.578140 , 617.192139 , 354.890778 
 974 , 322.272339 , 391.964172 , 394.071106 , 403.692413 
 975 , 435.924438 , 765.540833 , 295.918030 , 14.616776 
 976 , 255.536346 , 768.838196 , 74.835197 , 412.790222 
 977 , 158.710526 , 678.307434 , 125.080872 , 549.901123 
 978 , 442.366211 , 127.524101 , 414.312897 , 527.796814 
 979 , 372.617767 , 423.417236 , 364.096161 , 351.868866 
 980 , 563.315735 , 378.699524 , 166.292816 , 403.691895 
 981 , 550.485413 , 590.455017 , 330.643555 , 40.416050 
 982 , 592.498230 , 139.850174 , 548.716858 , 230.934723 
 983 , 261.092224 , 643.011230 , 519.998657 , 87.897812 
 984 , 686.650391 , 223.487717 , 244.361679 , 357.500336 
 985 , 347.108246 , 89.329971 , 554.894897 , 520.666870 
 986 , 174.392609 , 451.161896 , 307.422668 , 579.022827 
 987 , 316.724670 , 290.862671 , 425.122345 , 479.290283 
 988 , 374.765228 , 557.503662 , 450.545807 , 129.185364 
 989 , 70.529572 , 434.593018 , 406.037048 , 600.840454 
 990 , 204.076080 , 83.130112 , 692.459473 , 532.334351 
 991 , 136.491730 , 394.305450 , 154.908829 , 826.293884 
 992 , 419.269470 , 282.880157 , 505.115448 , 304.734924 
 993 , 86.053230 , 299.002258 , 458.938385 , 668.006165 
 994 , 118.687798 , 691.691589 , 335.472565 , 366.148102 
 995 , 65.552834 , 781.846619 , 27.266422 , 637.334167 
 996 , 333.239441 , 149.099258 , 495.050354 , 534.610962 
 997 , 360.647095 , 695.894592 , 252.986298 , 202.472046 
 998 , 238.825928 , 449.133392 , 131.398651 , 692.641968 
 999 , 700.580933 , 92.028839 , 454.608856 , 264.781311 
 