5,0,0,1491.0979,1922.048584,0.775786
5,0,1,1623.249268,1889.9512940000002,0.858884
5,1,0,1530.9373779999999,2656.566895,0.576284
5,1,1,1320.731812,1155.432861,1.143062
5,2,0,1672.294922,1462.926758,1.143116
5,2,1,1318.890015,2349.0732420000004,0.561451
5,3,0,1286.915649,1057.484985,1.2169590000000001
5,3,1,1763.5256350000002,2754.5151370000003,0.640231
5,4,0,1406.179932,3736.5969240000004,0.37632600000000005
5,4,1,61.195263,75.403137,0.811575
5,5,0,1845.9246829999997,3467.9716799999997,0.532278
5,5,1,385.695679,344.02832,1.121116
5,6,0,1610.081665,1841.722412,0.8742260000000001
5,6,1,1527.413452,1970.277832,0.775227
5,7,0,1335.408813,3363.353271,0.397047
5,7,1,440.304962,448.64660599999996,0.9814069999999999
5,8,0,1583.2032470000001,2950.753174,0.536542
5,8,1,1120.856445,861.2468869999999,1.3014350000000001
5,9,0,1446.914673,1297.6914060000001,1.114991
5,9,1,1376.1988529999999,2514.308838,0.547347
5,10,0,1567.971436,1662.064331,0.9433879999999999
5,10,1,1201.098877,2149.935791,0.558667
5,11,0,1553.596802,1981.06604,0.784223
5,11,1,1620.294434,1830.93396,0.8849549999999999
5,12,0,1112.82312,939.531189,1.184445
5,12,1,1708.008911,2872.46875,0.5946140000000001
5,13,0,1771.046875,3652.713135,0.484858
5,13,1,224.015396,159.286697,1.406366
5,14,0,1513.856812,2384.330322,0.634919
5,14,1,1487.982666,1427.669922,1.042246
5,15,0,1611.1014400000001,3619.2158200000003,0.44515200000000005
5,15,1,222.06568900000002,192.784225,1.151887
5,16,0,1435.666138,1358.660767,1.056677
5,16,1,1278.534302,2453.339355,0.5211399999999999
5,17,0,1483.859375,2837.301514,0.522983
5,17,1,974.3427119999999,974.6985470000001,0.999635
5,18,0,1536.9609380000002,1343.2186279999999,1.1442370000000002
5,18,1,1559.297974,2468.7814940000003,0.631606
5,19,0,1374.63855,1116.638916,1.23105
5,19,1,1624.174927,2695.361084,0.602582
5,20,0,1414.37854,1808.1649170000003,0.7822180000000001
5,20,1,1709.379028,2003.834961,0.8530540000000001
5,21,0,1439.737183,1259.538452,1.143067
5,21,1,1377.4609380000002,2552.46167,0.53966
5,22,0,1649.797607,1414.03186,1.166733
5,22,1,1309.31958,2397.968018,0.5460119999999999
5,23,0,1065.945068,976.5131230000001,1.091583
5,23,1,1382.4750980000001,2835.487061,0.487562
5,24,0,1555.862915,1592.294556,0.9771200000000001
5,24,1,1432.987549,2219.705566,0.645576
5,25,0,1485.3123779999999,2958.571045,0.502037
5,25,1,876.6491699999999,853.429016,1.027208
5,26,0,1265.531616,2697.946533,0.46907200000000004
5,26,1,1282.986328,1114.053589,1.151638
5,27,0,89.92887900000001,159.612961,0.563418
5,27,1,1754.332886,3652.387207,0.480325
5,28,0,1409.151733,1170.1508789999998,1.204248
5,28,1,1641.210693,2641.848877,0.621236
5,29,0,881.186157,867.5750119999999,1.0156889999999998
5,29,1,1744.2553710000002,2944.424805,0.5923930000000001
5,30,0,1520.362183,1992.981812,0.762858
5,30,1,1325.887573,1819.018188,0.728903
5,31,0,1536.48584,1889.304077,0.8132550000000001
5,31,1,1293.737183,1922.695923,0.6728770000000001
5,32,0,619.254272,719.850647,0.8602540000000001
5,32,1,1659.079224,3092.149414,0.536546
5,33,0,1561.374023,1774.949463,0.8796719999999999
5,33,1,1593.95752,2037.050659,0.782483
5,34,0,1583.344116,2318.95874,0.682782
5,34,1,1499.233276,1493.0410160000001,1.004147
5,35,0,1502.463501,1871.7125239999998,0.802721
5,35,1,1280.30542,1940.2873539999998,0.659854
5,36,0,1400.9646,2089.026123,0.6706300000000001
5,36,1,1363.2346189999998,1722.973877,0.7912100000000001
5,37,0,726.8184809999999,686.552307,1.05865
5,37,1,1644.657471,3125.447754,0.526215
5,38,0,1607.043579,2399.7885739999997,0.669661
5,38,1,1542.153931,1412.211548,1.092013
5,39,0,1331.036377,2468.17749,0.539279
5,39,1,1515.378296,1343.8227539999998,1.1276620000000002
5,40,0,866.196594,845.030701,1.025048
5,40,1,1735.893677,2966.9692379999997,0.585073
5,41,0,1652.424194,2234.427002,0.739529
5,41,1,1598.561035,1577.572998,1.013304
5,42,0,184.803787,247.318069,0.7472310000000001
5,42,1,1669.029419,3564.681885,0.468213
5,43,0,1686.629272,3344.15332,0.504352
5,43,1,631.1705929999999,467.846588,1.349097
5,44,0,326.099091,391.88534500000003,0.8321290000000001
5,44,1,1839.6192629999998,3420.114746,0.537882
5,45,0,1525.420898,3375.852783,0.451862
5,45,1,421.849762,436.147339,0.967218
5,46,0,1364.36084,2226.00415,0.612919
5,46,1,1723.3409420000003,1585.9959720000002,1.0865989999999999
5,47,0,259.263885,366.006439,0.708359
5,47,1,1486.952393,3445.993408,0.43150200000000005
5,48,0,1755.6142579999998,2359.316162,0.74412
5,48,1,1199.266968,1452.68396,0.8255530000000001
5,49,0,1346.220093,2660.0698239999997,0.506085
5,49,1,1284.547729,1151.930054,1.115126
5,50,0,1457.313477,2873.595459,0.507139
5,50,1,1000.47821,938.404358,1.0661479999999999
5,51,0,1574.697876,2335.52417,0.674237
5,51,1,1482.418457,1476.476196,1.004025
5,52,0,1379.610596,2001.2315670000003,0.689381
5,52,1,1685.7600100000002,1810.768188,0.9309639999999999
5,53,0,1347.845703,2196.172607,0.613725
5,53,1,1586.001831,1615.8276369999999,0.981541
5,54,0,1320.287842,1228.601929,1.074626
5,54,1,1557.6875,2583.398193,0.602961
5,55,0,1511.4067380000001,1715.11145,0.881229
5,55,1,1516.277832,2096.888672,0.723108
5,56,0,1793.283813,3491.273193,0.5136470000000001
5,56,1,347.67681899999997,320.726746,1.084028
5,57,0,1522.872314,3330.680908,0.457226
5,57,1,427.21759000000003,481.319214,0.887597
5,58,0,1595.662964,1547.247559,1.031291
5,58,1,1599.0620119999999,2264.752197,0.7060649999999999
5,59,0,1276.7735599999999,1467.392578,0.8700969999999999
5,59,1,1652.602173,2344.607666,0.704852
5,60,0,1570.583618,3493.44165,0.44958100000000006
5,60,1,247.92762799999997,318.558655,0.7782789999999999
5,61,0,1240.601929,1868.845825,0.663833
5,61,1,1717.684937,1943.154175,0.8839670000000001
5,62,0,1623.881714,1780.9432370000002,0.91181
5,62,1,1497.3339839999999,2031.0566410000001,0.737219
5,63,0,1552.532227,3361.623779,0.46184
5,63,1,347.153656,450.37637300000006,0.7708079999999999
5,64,0,1289.970215,1878.862671,0.68657
5,64,1,1474.5561519999999,1933.137451,0.762779
5,65,0,1450.631592,2380.464355,0.60939
5,65,1,1515.9223630000001,1431.535645,1.058948
5,66,0,1440.4223630000001,1300.364258,1.107707
5,66,1,1501.927124,2511.6357420000004,0.597988
5,67,0,1255.23291,2785.441162,0.45064099999999996
5,67,1,1289.054199,1026.559204,1.2557040000000002
5,68,0,1501.788574,2050.91748,0.732252
5,68,1,1556.110229,1761.082886,0.88361
5,69,0,1346.853394,1949.562134,0.6908489999999999
5,69,1,1591.8474119999998,1862.437744,0.854712
5,70,0,1317.514648,2051.283936,0.642288
5,70,1,1866.870605,1760.7159420000003,1.060291
5,71,0,1489.831665,2580.467041,0.57735
5,71,1,1477.859375,1231.532959,1.200016
5,72,0,1581.697388,1719.898926,0.919646
5,72,1,1376.276733,2092.101318,0.657844
5,73,0,189.954422,179.067276,1.060799
5,73,1,1708.189941,3632.932861,0.470196
5,74,0,1346.731934,1553.580688,0.866857
5,74,1,1466.259033,2258.419189,0.649241
5,75,0,1213.55835,2427.727295,0.499874
5,75,1,1533.997437,1384.272827,1.108161
5,76,0,1597.754517,2450.307129,0.6520630000000001
5,76,1,1461.8188480000001,1361.692749,1.073531
5,77,0,1413.36145,1278.194946,1.105748
5,77,1,1559.9140630000002,2533.804932,0.615641
5,78,0,1306.86377,2029.8975829999997,0.643808
5,78,1,1496.08728,1782.102539,0.839507
5,79,0,1593.013306,3050.3208010000003,0.522245
5,79,1,1008.3700560000001,761.679077,1.323878
5,80,0,1054.389038,1022.2703859999999,1.031419
5,80,1,1527.008667,2789.729736,0.5473680000000001
5,81,0,1637.887207,1961.722534,0.834923
5,81,1,1434.1782230000001,1850.277466,0.775115
5,82,0,941.0888669999999,805.4841309999999,1.168352
5,82,1,1444.569824,3006.5158690000003,0.48048
5,83,0,1502.688721,1834.849243,0.818971
5,83,1,1787.9403079999997,1977.1508789999998,0.904301
5,84,0,1673.1329349999999,1852.41687,0.903216
5,84,1,1367.782104,1959.5830079999998,0.697996
5,85,0,1551.867554,2289.217285,0.6779029999999999
5,85,1,1453.063965,1522.782715,0.954216
5,86,0,933.13324,791.074707,1.179577
5,86,1,1641.363892,3020.925293,0.5433319999999999
5,87,0,1612.607788,1969.334595,0.818859
5,87,1,1423.549316,1842.665405,0.7725489999999999
5,88,0,1675.5894779999999,2489.841797,0.67297
5,88,1,1486.522583,1322.158081,1.124315
5,89,0,1557.9923099999999,3355.599121,0.464296
5,89,1,402.699066,456.40066500000006,0.882337
5,90,0,530.367798,684.61554,0.774694
5,90,1,1504.5426029999999,3127.384521,0.481087
5,91,0,1440.053101,2193.536865,0.6564979999999999
5,91,1,1408.244385,1618.463257,0.8701120000000001
5,92,0,1949.7878420000002,3327.006836,0.5860489999999999
5,92,1,442.74969500000003,484.993011,0.912899
5,93,0,1526.139282,1535.8491210000002,0.9936780000000001
5,93,1,1744.242188,2276.151123,0.766312
5,94,0,1780.324463,3567.5966799999997,0.499026
5,94,1,274.471039,244.40312200000002,1.123026
5,95,0,1700.828613,1684.214233,1.009865
5,95,1,1296.371948,2127.785645,0.609259
5,96,0,53.884918000000006,66.067741,0.815601
5,96,1,1660.357056,3745.9323729999996,0.44324300000000005
5,97,0,1271.609009,3475.0900880000004,0.365921
5,97,1,309.65155,336.909851,0.919093
5,98,0,1739.3536379999998,2774.0627440000003,0.6270060000000001
5,98,1,1170.454346,1037.937134,1.127674
5,99,0,1511.265991,1845.3270260000002,0.818969
5,99,1,1486.15564,1966.6729739999998,0.75567
5,100,0,1701.588623,2673.603271,0.63644
5,100,1,1253.604248,1138.396606,1.101202
5,101,0,792.572266,747.480225,1.060325
5,101,1,1661.206055,3064.519531,0.542077
5,102,0,1609.8786619999998,1458.487305,1.1038
5,102,1,1616.764771,2353.512695,0.686958
5,103,0,1591.185791,1516.439087,1.049291
5,103,1,1382.540894,2295.560791,0.602267
5,104,0,543.328613,566.8526,0.958501
5,104,1,1406.164673,3245.147217,0.433313
5,105,0,1619.526367,1378.239502,1.1750690000000001
5,105,1,1388.415405,2433.7607420000004,0.570481
5,106,0,479.291779,525.826538,0.911502
5,106,1,1736.210205,3286.17334,0.528338
5,107,0,1601.290405,2949.6245120000003,0.542879
5,107,1,949.355469,862.3756099999999,1.100861
5,108,0,1611.6678470000002,2658.800537,0.606164
5,108,1,1416.630127,1153.199585,1.228434
5,109,0,1607.6040039999998,2345.36792,0.685438
5,109,1,1501.579956,1466.631714,1.023829
5,110,0,1643.094116,2628.994385,0.6249899999999999
5,110,1,1381.104736,1183.005615,1.167454
5,111,0,1386.404907,1359.9764400000001,1.019433
5,111,1,1397.250854,2452.023682,0.569836
5,112,0,1770.537964,2358.5935059999997,0.750675
5,112,1,1561.186279,1453.4063720000001,1.074157
5,113,0,1446.612549,1387.954224,1.042262
5,113,1,1592.705933,2424.046143,0.657044
5,114,0,1496.8378910000001,1598.505249,0.936399
5,114,1,1411.373047,2213.494873,0.637622
5,115,0,1688.616943,2432.486572,0.694194
5,115,1,1410.5391849999999,1379.513428,1.02249
5,116,0,1671.017822,2028.9985350000002,0.8235680000000001
5,116,1,1476.104126,1783.001343,0.8278760000000001
5,117,0,1185.87793,1842.9941410000001,0.643452
5,117,1,1809.1696780000002,1969.0057370000002,0.918824
5,118,0,1646.1308589999999,2096.1098629999997,0.785327
5,118,1,1331.384644,1715.890015,0.7759149999999999
5,119,0,1443.625977,1701.328613,0.8485290000000001
5,119,1,1715.963745,2110.6713870000003,0.812994
5,120,0,1602.029297,1641.182495,0.976143
5,120,1,1481.514404,2170.817627,0.6824680000000001
5,121,0,1296.233521,1354.3591310000002,0.957083
5,121,1,1528.992676,2457.6408690000003,0.622138
5,122,0,1146.909424,1239.7032470000001,0.925148
5,122,1,1853.554443,2572.2963870000003,0.720584
5,123,0,1600.121582,2363.092285,0.67713
5,123,1,1511.7751460000002,1448.907715,1.04339
5,124,0,1538.311279,2537.308105,0.6062770000000001
5,124,1,1416.283813,1274.692017,1.1110790000000001
5,125,0,1517.5258789999998,1927.744995,0.787203
5,125,1,1734.649536,1884.255127,0.920602
5,126,0,1262.372437,1146.922852,1.10066
5,126,1,1724.0565190000002,2665.076904,0.646907
5,127,0,1616.185181,2498.355225,0.6469
5,127,1,1136.763916,1313.6448970000001,0.865351
5,128,0,1559.407227,2045.0102539999998,0.762542
5,128,1,1420.555298,1766.9897460000002,0.803941
5,129,0,1531.423218,3698.820313,0.41403
5,129,1,47.384239,113.17961100000001,0.41866400000000004
5,130,0,1680.6695559999998,1913.335693,0.8783979999999999
5,130,1,1435.429443,1898.664063,0.756021
5,131,0,484.713745,463.51709000000005,1.0457299999999998
5,131,1,1416.162964,3348.48291,0.42292700000000005
5,132,0,1268.173828,2130.817139,0.595158
5,132,1,1773.794189,1681.183105,1.055087
5,133,0,1498.236084,3144.201172,0.476508
5,133,1,576.2539059999999,667.798584,0.862916
5,134,0,1476.135864,1937.0681149999998,0.762046
5,134,1,1680.6889649999998,1874.932007,0.8964
5,135,0,338.224365,299.569366,1.129035
5,135,1,1665.01001,3512.430664,0.474034
5,136,0,552.750671,628.116272,0.8800129999999999
5,136,1,1890.2091059999998,3183.884033,0.59368
5,137,0,1421.913818,1268.095215,1.121299
5,137,1,1652.865967,2543.904785,0.649736
5,138,0,446.52783200000005,458.338074,0.974232
5,138,1,1636.794434,3353.661865,0.488062
5,139,0,713.3397219999999,592.1990969999999,1.204561
5,139,1,1629.94397,3219.801025,0.506225
5,140,0,1550.0113529999999,1657.859741,0.934947
5,140,1,1412.405518,2154.139893,0.65567
5,141,0,654.362061,584.321838,1.119866
5,141,1,1996.11377,3227.677979,0.618436
5,142,0,1615.9277339999999,1888.289795,0.8557629999999999
5,142,1,1478.1345210000002,1923.7100829999997,0.7683770000000001
5,143,0,2117.896729,2463.88501,0.859576
5,143,1,988.966858,1348.1152339999999,0.733592
5,144,0,1420.709717,1916.5522460000002,0.741284
5,144,1,1557.991577,1895.447998,0.821965
5,145,0,1955.560791,2852.908203,0.685462
5,145,1,1043.165405,959.091797,1.08766
5,146,0,1631.7303470000002,2092.969971,0.779624
5,146,1,1149.987793,1719.029907,0.668975
5,147,0,1615.3500980000001,1862.3146969999998,0.8673879999999999
5,147,1,1523.565918,1949.6855469999998,0.781442
5,148,0,1590.6014400000001,1707.5490719999998,0.9315110000000001
5,148,1,1122.685181,2104.450684,0.5334810000000001
5,149,0,132.698837,60.876670999999995,2.179798
5,149,1,1684.199707,3751.1232909999994,0.448985
5,150,0,1494.723999,3370.3320310000004,0.443495
5,150,1,338.50741600000003,441.668091,0.766429
5,151,0,1063.877441,929.100342,1.145062
5,151,1,1608.001953,2882.899658,0.557772
5,152,0,1731.3878170000003,1696.620361,1.020492
5,152,1,1374.747925,2115.3798829999996,0.649882
5,153,0,1614.301392,2818.662109,0.572719
5,153,1,1059.744751,993.337769,1.0668520000000001
5,154,0,303.901154,325.45944199999997,0.93376
5,154,1,1875.519775,3486.540527,0.537931
5,155,0,1719.5727539999998,3340.5307620000003,0.51476
5,155,1,424.40081799999996,471.469421,0.900166
5,156,0,1137.289429,1188.291748,0.9570790000000001
5,156,1,1833.727173,2623.7080079999996,0.698907
5,157,0,1731.9364010000002,3145.369873,0.5506300000000001
5,157,1,824.787903,666.630188,1.23725
5,158,0,1246.779297,1154.9375,1.079521
5,158,1,1518.609375,2657.0629879999997,0.571537
5,159,0,585.6828,602.6569820000001,0.971834
5,159,1,1464.858398,3209.3432620000003,0.45643599999999995
5,160,0,1620.90271,2529.018066,0.640922
5,160,1,1464.3283689999998,1282.982056,1.141348
5,161,0,1548.138184,2493.029053,0.620987
5,161,1,1336.033936,1318.970703,1.012937
5,162,0,1377.303955,1113.795288,1.236586
5,162,1,1521.037842,2698.204834,0.5637220000000001
5,163,0,1587.394043,2050.336182,0.774212
5,163,1,1424.69751,1761.663818,0.808723
5,164,0,1867.77771,1974.217407,0.9460850000000001
5,164,1,1224.358398,1837.7828370000002,0.666215
5,165,0,1731.625,1967.1427,0.880274
5,165,1,1160.328857,1844.8573,0.628953
5,166,0,203.101685,258.677185,0.785155
5,166,1,1455.599243,3553.322754,0.409645
5,167,0,1362.364868,1733.7869870000002,0.785774
5,167,1,1679.558105,2078.212891,0.808174
5,168,0,1525.068115,2507.114746,0.6082960000000001
5,168,1,1360.141846,1304.88501,1.042346
5,169,0,1100.5511470000001,1606.84436,0.6849149999999999
5,169,1,1961.669434,2205.1557620000003,0.889583
5,170,0,1494.890015,1327.75415,1.125879
5,170,1,1145.2948,2484.246094,0.46102299999999996
5,171,0,1299.147339,1632.080688,0.796007
5,171,1,1673.0625,2179.919189,0.7674880000000001
5,172,0,1433.302124,1194.72876,1.1996879999999999
5,172,1,1653.376099,2617.270996,0.631718
5,173,0,1582.483032,2264.61084,0.698788
5,173,1,1438.8630369999998,1547.389038,0.9298649999999999
5,174,0,1581.1290279999998,1882.0405269999999,0.8401139999999999
5,174,1,1267.47583,1929.9593510000002,0.656737
5,175,0,1491.321655,1976.225586,0.754631
5,175,1,1669.300659,1835.774536,0.909317
5,176,0,1835.347656,3092.719971,0.593441
5,176,1,676.0051269999999,719.2800900000001,0.939836
5,177,0,552.508972,558.29834,0.9896299999999999
5,177,1,1663.0466310000002,3253.70166,0.511124
5,178,0,1612.358643,2852.231934,0.565297
5,178,1,1154.624634,959.7681880000001,1.203025
5,179,0,1393.688721,1833.151978,0.760269
5,179,1,1662.08667,1978.8479,0.8399260000000001
5,180,0,1585.526123,3180.862549,0.498458
5,180,1,659.2051389999999,631.1374509999999,1.0444719999999998
5,181,0,1281.0627439999998,1630.322144,0.7857729999999999
5,181,1,1727.757324,2181.67749,0.79194
5,182,0,886.2410279999999,702.895081,1.260844
5,182,1,1645.856812,3109.10498,0.529367
5,183,0,1397.486816,1659.758179,0.841982
5,183,1,1659.842407,2152.241943,0.771215
5,184,0,1608.799194,3091.628174,0.520373
5,184,1,720.307678,720.371643,0.9999110000000001
5,185,0,1616.913208,2264.64209,0.713982
5,185,1,1462.323608,1547.358032,0.945045
5,186,0,1166.738159,985.562683,1.183829
5,186,1,1301.043457,2826.4375,0.460312
5,187,0,1374.1795650000001,1221.7655029999999,1.124749
5,187,1,1722.236816,2590.2346190000003,0.664896
5,188,0,1722.473267,1621.801392,1.062074
5,188,1,1468.512329,2190.1982420000004,0.670493
5,189,0,1547.459961,1625.57666,0.951945
5,189,1,1446.0195310000001,2186.42334,0.661363
5,190,0,1864.68396,3273.754639,0.5695859999999999
5,190,1,568.304443,538.2453,1.055847
5,191,0,1364.608643,1226.935425,1.112209
5,191,1,1684.72229,2585.064697,0.651714
5,192,0,1591.359741,2927.663818,0.54356
5,192,1,1072.5275880000002,884.33606,1.212805
5,193,0,1513.044434,2124.786377,0.712093
5,193,1,1565.897705,1687.2138670000002,0.928097
5,194,0,1503.503052,2185.776123,0.687858
5,194,1,1524.2246089999999,1626.223877,0.9372780000000001
5,195,0,1704.10022,2453.035645,0.6946899999999999
5,195,1,1535.162231,1358.9644779999999,1.129656
5,196,0,1587.866577,2410.894043,0.658621
5,196,1,1608.8085939999999,1401.105835,1.148242
5,197,0,1202.117798,1090.742554,1.1021100000000001
5,197,1,1469.764282,2721.2578129999997,0.5401050000000001
5,198,0,1433.1821289999998,1736.511841,0.8253219999999999
5,198,1,1378.183716,2075.488037,0.664029
5,199,0,1411.286987,3326.19458,0.424295
5,199,1,507.625183,485.80545,1.044915
5,200,0,1475.319336,1955.1649170000003,0.754575
5,200,1,1614.317993,1856.834961,0.869392
5,201,0,1384.071899,2314.8666989999997,0.597906
5,201,1,1337.446167,1497.133423,0.893338
5,202,0,488.521362,529.108887,0.923291
5,202,1,1643.017944,3282.8911129999997,0.500479
5,203,0,1578.661743,2035.555786,0.775543
5,203,1,1373.2463380000002,1776.444336,0.773031
5,204,0,1638.140259,2673.898193,0.612641
5,204,1,1370.845947,1138.101807,1.204502
5,205,0,47.092045,16.812996,2.8009310000000003
5,205,1,1570.687134,3795.186768,0.41386300000000004
5,206,0,1627.29248,1969.4584960000002,0.8262639999999999
5,206,1,1272.3498539999998,1842.5416260000002,0.690541
5,207,0,210.200058,229.49677999999997,0.915917
5,207,1,1890.105591,3582.5031740000004,0.527594
5,208,0,1505.981934,3487.1992189999996,0.43186
5,208,1,342.956848,324.800964,1.055899
5,209,0,1518.20105,2196.5161129999997,0.691186
5,209,1,1324.184204,1615.4838869999999,0.8196829999999999
5,210,0,1505.61377,2110.907959,0.7132539999999999
5,210,1,1681.3798829999998,1701.092041,0.9884120000000001
5,211,0,1374.531616,2193.057861,0.626765
5,211,1,1746.9511719999998,1618.942017,1.07907
5,212,0,1320.663086,2718.11084,0.485875
5,212,1,1220.222168,1093.889404,1.115489
5,213,0,1809.977905,1489.324707,1.215301
5,213,1,1320.909302,2322.675293,0.568702
5,214,0,1646.7579349999999,2154.929443,0.7641819999999999
5,214,1,1731.319824,1657.070679,1.044807
5,215,0,1721.9815670000003,2089.933105,0.823941
5,215,1,1424.703735,1722.066895,0.8273219999999999
5,216,0,1469.976318,2831.4526370000003,0.5191600000000001
5,216,1,1298.851196,980.5474849999999,1.324618
5,217,0,1671.538086,2175.6875,0.76828
5,217,1,1324.4897460000002,1636.3125,0.8094359999999999
5,218,0,286.460724,371.80602999999996,0.770457
5,218,1,1707.255493,3440.194092,0.496267
5,219,0,223.84785499999998,265.326294,0.84367
5,219,1,1400.6717529999999,3546.673828,0.394925
5,220,0,1383.2192380000001,1270.194824,1.088982
5,220,1,1291.7907710000002,2541.8051760000003,0.5082180000000001
5,221,0,529.027954,612.987183,0.8630329999999999
5,221,1,1552.754761,3199.012695,0.485386
5,222,0,1402.28772,1921.039185,0.729963
5,222,1,1624.4141849999999,1890.960693,0.859042
5,223,0,1508.241943,2576.480225,0.585389
5,223,1,1410.508911,1235.5195310000001,1.141632
5,224,0,1490.215698,1397.22583,1.066553
5,224,1,1414.684814,2414.77417,0.585846
5,225,0,1825.7640379999998,2110.55957,0.8650620000000001
5,225,1,1505.762939,1701.44043,0.884993
5,226,0,547.879089,478.18102999999996,1.145757
5,226,1,1786.981079,3333.818848,0.5360159999999999
5,227,0,1428.48938,1827.335449,0.781734
5,227,1,1825.336182,1984.664551,0.9197200000000001
5,228,0,1039.979614,988.056274,1.052551
5,228,1,1615.768799,2823.943848,0.572167
5,229,0,1572.747437,2315.087158,0.679347
5,229,1,1490.286011,1496.9125980000001,0.9955729999999999
5,230,0,736.1699219999999,669.079712,1.100272
5,230,1,1826.983154,3142.920166,0.5813010000000001
5,231,0,1272.310425,1137.948364,1.118074
5,231,1,1455.94873,2674.0517579999996,0.544473
5,232,0,1208.028564,942.032715,1.2823639999999998
5,232,1,1429.589111,2869.967285,0.49812
5,233,0,537.450012,587.80249,0.9143379999999999
5,233,1,1771.671021,3224.19751,0.549492
5,234,0,1491.064697,2194.892822,0.679334
5,234,1,1575.099487,1617.106934,0.974023
5,235,0,1370.90564,1490.970581,0.919472
5,235,1,1490.17041,2321.029541,0.64203
5,236,0,1601.274536,1846.810791,0.867049
5,236,1,1614.758911,1965.189209,0.821681
5,237,0,1605.1838380000002,1693.840332,0.947659
5,237,1,1553.3474119999998,2118.159424,0.733348
5,238,0,1612.755981,3706.617432,0.43510200000000004
5,238,1,150.44894399999998,105.38259099999999,1.427645
5,239,0,1471.1290279999998,2106.373047,0.698418
5,239,1,1590.4061279999999,1705.6269530000002,0.9324469999999999
5,240,0,1386.1157230000001,1958.5677489999998,0.707719
5,240,1,1536.036377,1853.4322510000002,0.828752
5,241,0,74.49587199999999,10.616753,7.016823
5,241,1,1808.286255,3801.383301,0.475692
5,242,0,1283.480957,2505.554443,0.512254
5,242,1,1414.75354,1306.445679,1.0829030000000002
5,243,0,1405.101196,1917.979614,0.732594
5,243,1,1622.016846,1894.0205079999998,0.8563879999999999
5,244,0,1315.911377,3235.8833010000003,0.40666199999999997
5,244,1,464.46926900000005,576.116699,0.806207
5,245,0,963.9639279999999,861.1698,1.119366
5,245,1,1731.639771,2950.830078,0.586831
5,246,0,1577.229248,3730.978027,0.42273900000000003
5,246,1,90.52667199999999,81.022026,1.117309
5,247,0,1660.471191,2564.708496,0.6474310000000001
5,247,1,1378.298584,1247.291382,1.105033
5,248,0,1360.1035160000001,1373.048828,0.9905719999999999
5,248,1,1700.5258789999998,2438.950928,0.697237
5,249,0,1751.118164,3113.771484,0.562379
5,249,1,650.7615969999999,698.2286379999999,0.932018
5,250,0,1947.1455079999998,3774.33374,0.515891
5,250,1,32.259121,37.666309000000005,0.8564450000000001
5,251,0,1682.352539,2592.087646,0.649034
5,251,1,1289.779907,1219.9125980000001,1.057272
5,252,0,819.703125,841.959045,0.973567
5,252,1,1735.484497,2970.041016,0.58433
5,253,0,1484.174805,1678.136108,0.8844190000000001
5,253,1,1288.018433,2133.864014,0.603608
5,254,0,1738.862305,2953.796875,0.588687
5,254,1,995.7043460000001,858.203064,1.16022
5,255,0,1576.802612,3737.201172,0.421921
5,255,1,223.27807599999997,74.798897,2.985045
5,256,0,1546.30957,1686.3139649999998,0.916976
5,256,1,1400.9633789999998,2125.685791,0.659064
5,257,0,1412.63501,2306.54541,0.612446
5,257,1,1689.093384,1505.454224,1.121983
5,258,0,1421.211426,1971.956055,0.720712
5,258,1,1599.582642,1840.043945,0.869318
5,259,0,1554.451294,2920.449463,0.5322640000000001
5,259,1,1130.650757,891.550476,1.2681850000000001
5,260,0,1465.864258,1303.790161,1.1243100000000001
5,260,1,1628.748291,2508.209717,0.649367
5,261,0,1464.656982,2706.89917,0.541083
5,261,1,1284.2890630000002,1105.10083,1.162146
5,262,0,711.768372,683.230225,1.041769
5,262,1,1697.593872,3128.769775,0.5425760000000001
5,263,0,1508.192749,1691.6815190000002,0.8915350000000001
5,263,1,1650.80249,2120.318359,0.778563
5,264,0,1661.077148,2033.2012940000002,0.816976
5,264,1,1484.758911,1778.7987059999998,0.8346979999999999
5,265,0,1360.818115,3737.9262700000004,0.364057
5,265,1,22.64315,74.073738,0.305684
5,266,0,1791.018677,3389.693848,0.5283720000000001
5,266,1,511.187439,422.30593899999997,1.210467
5,267,0,1590.961182,1677.897461,0.9481870000000001
5,267,1,1528.1292720000001,2134.102539,0.716052
5,268,0,733.36615,643.456848,1.139729
5,268,1,1518.80188,3168.543213,0.479338
5,269,0,1270.119873,2533.175049,0.501394
5,269,1,1540.8438720000001,1278.825073,1.20489
5,270,0,1614.269775,2224.10791,0.7258060000000001
5,270,1,1434.230225,1587.89209,0.9032290000000001
5,271,0,1591.09082,1729.2874760000002,0.920085
5,271,1,1296.311646,2082.712402,0.6224149999999999
5,272,0,1625.3358150000001,2557.526123,0.6355109999999999
5,272,1,1364.404419,1254.473999,1.087631
5,273,0,1554.227173,1443.301392,1.076856
5,273,1,1836.4985350000002,2368.698486,0.77532
5,274,0,1503.766968,2690.465576,0.558924
5,274,1,1325.685181,1121.534546,1.182028
5,275,0,1542.140259,1352.814453,1.13995
5,275,1,1553.4311519999999,2459.185547,0.631685
5,276,0,1805.12207,2244.916748,0.8040930000000001
5,276,1,1438.778442,1567.08313,0.918125
5,277,0,1498.34668,1815.272339,0.825411
5,277,1,1453.102051,1996.727661,0.727742
5,278,0,1668.049438,2931.145996,0.569078
5,278,1,1154.817017,880.8540039999999,1.31102
5,279,0,1580.8946529999998,2859.556885,0.552846
5,279,1,1191.922852,952.443115,1.2514370000000001
5,280,0,97.31047099999999,87.412888,1.113228
5,280,1,1794.707886,3724.586914,0.481854
5,281,0,1390.488525,2180.193115,0.637782
5,281,1,1427.949829,1631.806763,0.875073
5,282,0,1783.6967769999999,2278.269287,0.782917
5,282,1,1442.328125,1533.7304689999999,0.9404049999999999
5,283,0,1511.306519,2995.7026370000003,0.504492
5,283,1,922.259888,816.297241,1.129809
5,284,0,1241.288696,2208.5939940000003,0.562027
5,284,1,1792.803711,1603.4060060000002,1.1181219999999998
5,285,0,1605.876343,1454.651733,1.103959
5,285,1,1708.790405,2357.348389,0.724878
5,286,0,1554.751587,1404.320923,1.10712
5,286,1,1474.227905,2407.678955,0.6123029999999999
5,287,0,1476.0527339999999,1794.4346920000003,0.822573
5,287,1,1537.213257,2017.565186,0.761915
5,288,0,1455.567139,2797.38208,0.520332
5,288,1,1126.514893,1014.617859,1.110285
5,289,0,1395.8691410000001,1401.044922,0.9963059999999999
5,289,1,1554.025635,2410.955078,0.644569
5,290,0,1588.345825,1829.319336,0.8682709999999999
5,290,1,1513.642456,1982.680664,0.763432
5,291,0,77.827805,69.367859,1.121958
5,291,1,1351.074585,3742.63208,0.360996
5,292,0,1707.96936,3335.3203129999997,0.5120859999999999
5,292,1,372.113739,476.67981,0.780637
5,293,0,819.297791,778.664673,1.052183
5,293,1,1586.106812,3033.3354489999997,0.522892
5,294,0,1481.885132,3119.639404,0.47501800000000005
5,294,1,645.1083980000001,692.360779,0.931752
5,295,0,1548.350342,2460.118164,0.62938
5,295,1,1441.9765630000002,1351.881836,1.0666440000000001
5,296,0,320.408051,399.951996,0.8011159999999999
5,296,1,1629.993042,3412.048096,0.477717
5,297,0,2006.1971440000002,2969.947998,0.675499
5,297,1,1012.788818,842.052185,1.202762
5,298,0,766.965149,810.772583,0.945968
5,298,1,1801.846191,3001.227783,0.60037
5,299,0,1849.273071,1679.879272,1.100837
5,299,1,1143.687134,2132.120605,0.536408
5,300,0,1373.344727,1324.264771,1.0370620000000002
5,300,1,1532.466431,2487.735107,0.616009
5,301,0,520.6594240000001,628.560425,0.8283360000000001
5,301,1,1792.291748,3183.439453,0.563005
5,302,0,1486.7749019999999,2496.9453129999997,0.595438
5,302,1,1466.8183589999999,1315.0545650000001,1.115405
5,303,0,1553.205811,1351.911255,1.148896
5,303,1,1330.085205,2460.0888670000004,0.540666
5,304,0,1780.8496089999999,1875.160034,0.9497049999999999
5,304,1,1474.623535,1936.840088,0.761355
5,305,0,1467.823975,2444.365234,0.600493
5,305,1,1492.687134,1367.634644,1.091437
5,306,0,911.347168,826.868225,1.102167
5,306,1,1835.644531,2985.131836,0.614929
5,307,0,1611.467163,1872.777466,0.860469
5,307,1,1311.442627,1939.222534,0.676272
5,308,0,1513.2404789999998,2678.18335,0.565025
5,308,1,1203.8964839999999,1133.816895,1.061809
5,309,0,199.49556,238.339508,0.837023
5,309,1,1589.0234380000002,3573.6606450000004,0.44464899999999996
5,310,0,1508.789307,1241.943115,1.214862
5,310,1,1481.766724,2570.056885,0.57655
5,311,0,1455.429443,1898.680298,0.766548
5,311,1,1466.903076,1913.319702,0.76668
5,312,0,1085.322876,939.2691039999999,1.155497
5,312,1,1818.6193850000002,2872.730957,0.633063
5,313,0,1298.559814,1177.748779,1.102578
5,313,1,1636.40625,2634.251221,0.621204
5,314,0,1463.332642,1850.29248,0.790866
5,314,1,1616.142578,1961.707397,0.823845
5,315,0,1492.412476,1716.489502,0.8694559999999999
5,315,1,1451.5776369999999,2095.5107420000004,0.692708
5,316,0,1504.646851,1730.8771969999998,0.869297
5,316,1,1621.281616,2081.123047,0.779042
5,317,0,1528.152954,1869.6226809999998,0.8173590000000001
5,317,1,1430.533569,1942.3771969999998,0.736486
5,318,0,1559.094604,1756.077637,0.8878280000000001
5,318,1,1377.956421,2055.9223629999997,0.670238
5,319,0,1327.0391849999999,2045.946411,0.648619
5,319,1,1578.190308,1766.053589,0.893625
5,320,0,54.328208999999994,63.674767,0.8532139999999999
5,320,1,1507.353882,3748.325439,0.40214099999999997
5,321,0,1662.255737,3266.175537,0.50893
5,321,1,582.2782589999999,545.824402,1.0667870000000002
5,322,0,1446.093384,1589.7092289999998,0.909659
5,322,1,1757.221191,2222.290527,0.790725
5,323,0,1589.7266849999999,2751.913086,0.577681
5,323,1,1338.752686,1060.086792,1.2628709999999999
5,324,0,266.30419900000004,234.55447400000003,1.135362
5,324,1,1700.005493,3577.445557,0.47520100000000004
5,325,0,1596.974365,2037.860107,0.7836529999999999
5,325,1,1405.666626,1774.139771,0.792309
5,326,0,57.503735,56.653183,1.015013
5,326,1,1261.936401,3755.3469240000004,0.336037
5,327,0,1322.016724,2303.657227,0.5738770000000001
5,327,1,1495.306885,1508.342773,0.991358
5,328,0,1831.574463,3566.95166,0.5134850000000001
5,328,1,305.693481,245.048294,1.247483
5,329,0,1660.418701,3776.255371,0.4397
5,329,1,86.13713800000001,35.744834999999995,2.409779
5,330,0,1761.692993,2939.5048829999996,0.599316
5,330,1,1026.900024,872.4950560000001,1.1769690000000002
5,331,0,440.90155,414.293732,1.064224
5,331,1,1526.476929,3397.7062990000004,0.449267
5,332,0,1375.369873,2563.643799,0.5364899999999999
5,332,1,1456.227783,1248.356079,1.1665159999999999
5,333,0,1481.256958,1747.273315,0.8477530000000001
5,333,1,1487.5258789999998,2064.726807,0.7204470000000001
5,334,0,1441.029175,1311.378052,1.098866
5,334,1,1618.596313,2500.62207,0.647277
5,335,0,1406.872803,2574.8520510000003,0.5463899999999999
5,335,1,1358.139038,1237.147949,1.097798
5,336,0,1361.942505,1837.710327,0.741108
5,336,1,1713.770142,1974.2899170000003,0.868044
5,337,0,1593.479248,2049.704102,0.777419
5,337,1,1559.793457,1762.296143,0.885092
5,338,0,32.499424,100.178787,0.324414
5,338,1,1403.9023439999999,3711.821289,0.378225
5,339,0,1454.157959,2700.7346190000003,0.538431
5,339,1,1286.433105,1111.265259,1.157629
5,340,0,1661.543091,2897.459229,0.573448
5,340,1,999.059265,914.5407710000001,1.092416
5,341,0,1646.780029,2086.560547,0.7892319999999999
5,341,1,1515.4334720000002,1725.4396969999998,0.878288
5,342,0,1545.989136,1317.455078,1.173466
5,342,1,1616.253418,2494.545166,0.647915
5,343,0,1420.1834720000002,1299.242554,1.093086
5,343,1,1373.491699,2512.7573239999997,0.546607
5,344,0,996.9033810000001,905.687256,1.1007149999999999
5,344,1,1638.5351560000001,2906.3129879999997,0.5637850000000001
5,345,0,1336.493042,2306.1796879999997,0.579527
5,345,1,1592.092651,1505.8204349999999,1.057292
5,346,0,1523.919678,2095.571777,0.72721
5,346,1,1599.9923099999999,1716.4284670000002,0.932164
5,347,0,1597.059814,2280.865967,0.700199
5,347,1,1660.7602539999998,1531.133911,1.08466
5,348,0,293.751648,447.92419400000006,0.6558069999999999
5,348,1,1801.6826170000002,3364.075928,0.535565
5,349,0,1598.1813960000002,2146.475342,0.7445609999999999
5,349,1,1804.081177,1665.524658,1.083191
5,350,0,1356.985474,1407.383789,0.96419
5,350,1,1788.133423,2404.616211,0.743625
5,351,0,543.734741,480.80163600000003,1.130892
5,351,1,1862.64502,3331.198486,0.5591520000000001
5,352,0,1727.0803219999998,1851.743164,0.9326780000000001
5,352,1,1510.619385,1960.2569579999997,0.770623
5,353,0,1507.7561039999998,2236.586182,0.674133
5,353,1,1673.392456,1575.4139400000001,1.062192
5,354,0,742.762512,779.719971,0.9526020000000001
5,354,1,1705.3071289999998,3032.280029,0.562384
5,355,0,1750.314575,2109.975586,0.829543
5,355,1,1299.4650880000002,1702.0242920000003,0.763482
5,356,0,1800.398071,2780.100098,0.647602
5,356,1,1119.346069,1031.89978,1.084743
5,357,0,1576.741943,1449.878418,1.087499
5,357,1,1407.3066410000001,2362.121582,0.595781
5,358,0,1792.49231,3577.266846,0.5010789999999999
5,358,1,220.867752,234.73335299999997,0.9409299999999999
5,359,0,1285.460571,2126.52417,0.604489
5,359,1,1770.6973879999998,1685.475586,1.050563
5,360,0,1508.669312,2392.3596190000003,0.63062
5,360,1,1648.325195,1419.6403810000002,1.161086
5,361,0,1420.793579,2280.801514,0.6229359999999999
5,361,1,1627.856689,1531.198364,1.063126
5,362,0,863.610718,837.410889,1.031287
5,362,1,1534.2280269999999,2974.589111,0.515778
5,363,0,1508.925293,1253.6721189999998,1.2036040000000001
5,363,1,1596.3204349999999,2558.328125,0.62397
5,364,0,1588.177368,2891.54834,0.549248
5,364,1,894.8287349999999,920.451477,0.9721629999999999
5,365,0,1494.867676,3800.30542,0.393355
5,365,1,25.080868,11.694453999999999,2.1446810000000003
5,366,0,1753.189209,3429.772705,0.5111680000000001
5,366,1,302.787628,382.227448,0.792166
5,367,0,1626.9021,1752.0214839999999,0.928586
5,367,1,1653.694458,2059.978271,0.802773
5,368,0,1574.920288,2080.897217,0.756847
5,368,1,1640.050049,1731.102905,0.9474020000000001
5,369,0,641.573608,690.7510990000001,0.9288059999999999
5,369,1,1495.8598630000001,3121.248779,0.47925
5,370,0,1507.997559,1919.420898,0.785652
5,370,1,1715.074585,1892.579102,0.9062100000000001
5,371,0,1804.210815,2711.252197,0.665453
5,371,1,1275.811401,1100.747803,1.159041
5,372,0,1576.3045650000001,2089.827393,0.754275
5,372,1,1455.93103,1722.172363,0.845404
5,373,0,1507.393188,2931.111572,0.514274
5,373,1,1100.294067,880.8882449999999,1.2490729999999999
5,374,0,493.538483,610.995422,0.807761
5,374,1,1447.434814,3201.004639,0.45218100000000006
5,375,0,1168.973877,949.181641,1.23156
5,375,1,1669.262817,2862.818359,0.583084
5,376,0,1287.748169,1154.634888,1.115286
5,376,1,1696.72937,2657.36499,0.638501
5,377,0,1682.619507,1639.756592,1.02614
5,377,1,1647.222046,2172.243408,0.758305
5,378,0,901.552185,799.065613,1.128258
5,378,1,1723.554565,3012.934326,0.572052
5,379,0,1717.956055,2163.167236,0.794186
5,379,1,1241.399658,1648.832764,0.752896
5,380,0,1416.142944,1295.495117,1.093129
5,380,1,1428.34082,2516.5048829999996,0.567589
5,381,0,1267.624146,1171.998413,1.081592
5,381,1,1418.731079,2640.001709,0.5373979999999999
5,382,0,2084.677246,2805.3127440000003,0.7431180000000001
5,382,1,1059.572144,1006.6870119999999,1.052534
5,383,0,1029.896118,944.183716,1.0907790000000002
5,383,1,1677.521362,2867.816162,0.584947
5,384,0,1645.010132,1994.0606690000002,0.8249549999999999
5,384,1,1485.649292,1817.9393309999998,0.8172159999999999
5,385,0,1292.506714,2666.328125,0.484752
5,385,1,1357.816895,1145.6717529999999,1.185171
5,386,0,1585.326538,2463.14917,0.643618
5,386,1,1384.110596,1348.850708,1.026141
5,387,0,1796.4628910000001,2157.28833,0.832741
5,387,1,1718.065918,1654.711548,1.0382870000000002
5,388,0,1580.2967529999999,1920.039795,0.8230540000000001
5,388,1,1428.675659,1891.960205,0.75513
5,389,0,1346.88562,1244.009155,1.082698
5,389,1,1621.903198,2567.990723,0.6315850000000001
5,390,0,1613.2186279999999,2494.88501,0.64661
5,390,1,1395.2026369999999,1317.11499,1.059287
5,391,0,1256.974976,2135.607666,0.58858
5,391,1,1850.2562260000002,1676.392334,1.103713
5,392,0,1597.997925,3653.9086909999996,0.43733900000000003
5,392,1,253.89123500000002,158.091324,1.6059780000000001
5,393,0,1124.435425,1817.297485,0.61874
5,393,1,1370.869873,1994.702759,0.6872550000000001
5,394,0,1551.376831,2554.966553,0.6072
5,394,1,1167.2303470000002,1257.033569,0.928559
5,395,0,1402.935059,1320.2561039999998,1.0626229999999999
5,395,1,1765.347656,2491.743896,0.708479
5,396,0,1475.37207,2121.197021,0.695538
5,396,1,1409.94165,1690.8029789999998,0.833889
5,397,0,1421.445801,1240.972046,1.145429
5,397,1,1546.7307130000002,2571.028076,0.6016
5,398,0,1302.754395,1363.702271,0.955307
5,398,1,1823.18042,2448.297852,0.7446729999999999
5,399,0,1673.813232,3543.9643549999996,0.4723
5,399,1,263.92514,268.035492,0.984665
5,400,0,1618.358154,2623.7919920000004,0.616801
5,400,1,1349.9061279999999,1188.20813,1.1360860000000002
5,401,0,1686.4042969999998,2884.7416989999997,0.584595
5,401,1,1150.766602,927.25824,1.241042
5,402,0,1925.454346,2434.887939,0.7907770000000001
5,402,1,1391.688599,1377.111816,1.010585
5,403,0,1134.6252439999998,2265.9169920000004,0.500736
5,403,1,1683.683838,1546.083374,1.088999
5,404,0,1591.9610599999999,2515.4604489999997,0.632871
5,404,1,1432.508179,1296.539795,1.10487
5,405,0,1402.75647,1568.830811,0.894141
5,405,1,1319.447144,2243.168945,0.5882069999999999
5,406,0,1212.55127,1761.199951,0.68848
5,406,1,1707.389282,2050.799805,0.832548
5,407,0,1158.45166,1126.023926,1.0287979999999999
5,407,1,1701.1585690000002,2685.97583,0.6333479999999999
5,408,0,595.897461,653.307434,0.9121239999999999
5,408,1,1981.7784420000003,3158.692627,0.627405
5,409,0,1520.8071289999998,1826.84668,0.832477
5,409,1,1748.116455,1985.153198,0.8805950000000001
5,410,0,1158.518799,2469.829834,0.46906800000000004
5,410,1,1498.417725,1342.17041,1.116414
5,411,0,1520.346558,3695.037842,0.41145600000000004
5,411,1,32.496658000000004,116.96205900000001,0.277839
5,412,0,1002.5299679999999,869.794861,1.1526049999999999
5,412,1,1955.05896,2942.205078,0.664488
5,413,0,305.43197599999996,284.352875,1.07413
5,413,1,1660.6679689999999,3527.647217,0.470758
5,414,0,1527.4823,3464.361328,0.440913
5,414,1,234.36364700000001,347.638763,0.6741590000000001
5,415,0,1028.3573,2228.512207,0.461455
5,415,1,1497.604614,1583.487793,0.9457629999999999
5,416,0,1452.235962,2348.33252,0.618412
5,416,1,1627.561768,1463.667358,1.111975
5,417,0,1544.236938,1916.393555,0.805804
5,417,1,1330.905396,1895.606689,0.7021
5,418,0,1509.465576,1412.728882,1.068475
5,418,1,1628.745239,2399.270996,0.67885
5,419,0,1588.297852,3147.713379,0.504588
5,419,1,823.424316,664.286621,1.239562
5,420,0,1353.452026,1695.9267579999998,0.79806
5,420,1,1336.017456,2116.073486,0.631366
5,421,0,1442.4101560000001,2957.086182,0.487781
5,421,1,894.312927,854.913635,1.046086
5,422,0,1637.09021,2417.605957,0.677153
5,422,1,1487.084961,1394.393921,1.066474
5,423,0,1710.7329100000002,3283.9951170000004,0.52093
5,423,1,679.0877690000001,528.005005,1.286139
5,424,0,1526.450562,1564.699585,0.975555
5,424,1,1553.019043,2247.300781,0.69106
5,425,0,1382.476196,1330.034424,1.0394290000000002
5,425,1,1486.751221,2481.965576,0.599022
5,426,0,951.156006,833.031921,1.1418
5,426,1,1694.7127690000002,2978.9682620000003,0.568893
5,427,0,1806.046387,2956.178467,0.6109399999999999
5,427,1,907.136108,855.821594,1.059959
5,428,0,1258.335327,1890.389648,0.6656489999999999
5,428,1,1733.702515,1921.610352,0.9022129999999999
5,429,0,1640.3378910000001,1790.0052489999998,0.9163870000000001
5,429,1,1767.504639,2021.994995,0.8741389999999999
5,430,0,1357.396606,2046.72168,0.663205
5,430,1,1875.9161379999998,1765.27832,1.062674
5,431,0,1369.9741210000002,1484.758179,0.922692
5,431,1,1613.513062,2327.2416989999997,0.6933159999999999
5,432,0,671.538696,713.580811,0.941083
5,432,1,1617.722168,3098.419189,0.522112
5,433,0,1077.713989,896.621582,1.201972
5,433,1,1666.904785,2915.378418,0.571763
5,434,0,1522.343384,1844.552002,0.825319
5,434,1,1334.3082279999999,1967.447998,0.678192
5,435,0,1646.090332,1488.0095210000002,1.106236
5,435,1,1500.1311039999998,2323.990479,0.6454979999999999
5,436,0,294.725952,355.872437,0.8281790000000001
5,436,1,1584.529053,3456.127686,0.45846899999999996
5,437,0,829.174133,918.9400630000001,0.902316
5,437,1,1560.46875,2893.059814,0.539384
5,438,0,1006.3232419999999,829.344788,1.213395
5,438,1,1702.9624019999999,2982.655273,0.570955
5,439,0,1680.554688,1688.938354,0.995036
5,439,1,1537.608398,2123.061523,0.724241
5,440,0,1596.485229,2045.390381,0.780528
5,440,1,1678.128784,1766.609375,0.949915
5,441,0,1580.5939939999998,2479.098877,0.637568
5,441,1,1508.365112,1332.901001,1.131641
5,442,0,1254.6623539999998,1872.464966,0.670059
5,442,1,1712.12561,1939.535156,0.8827510000000001
5,443,0,892.8348390000001,780.262939,1.144274
5,443,1,1640.2889400000001,3031.737061,0.541039
5,444,0,767.254822,769.802368,0.996691
5,444,1,1531.9528810000002,3042.19751,0.503568
5,445,0,1503.876099,1841.671143,0.8165819999999999
5,445,1,1764.179199,1970.328857,0.895373
5,446,0,1936.776733,3387.3767090000006,0.571763
5,446,1,392.46795699999996,424.62307699999997,0.9242739999999999
5,447,0,2005.656494,2906.891357,0.689966
5,447,1,854.512817,905.108459,0.9441
5,448,0,1772.3728030000002,1616.026733,1.096747
5,448,1,1405.747437,2195.973145,0.6401479999999999
5,449,0,1759.894287,3280.137939,0.5365310000000001
5,449,1,432.50906399999997,531.8623660000001,0.8131970000000001
5,450,0,1481.076172,1715.872559,0.8631620000000001
5,450,1,1498.557617,2096.127441,0.714917
5,451,0,1551.956177,1402.930664,1.1062239999999999
5,451,1,1427.9886470000001,2409.069336,0.592755
5,452,0,1940.9440920000002,3032.463379,0.640055
5,452,1,868.93396,779.536743,1.11468
5,453,0,566.507019,596.212158,0.950177
5,453,1,1827.4010010000002,3215.787842,0.5682590000000001
5,454,0,1505.190186,2331.209473,0.6456689999999999
5,454,1,1505.301636,1480.790405,1.016553
5,455,0,1812.0294190000002,3251.006836,0.557375
5,455,1,592.227478,560.992859,1.055677
5,456,0,554.137146,645.6707759999999,0.8582350000000001
5,456,1,1823.540161,3166.329346,0.575916
5,457,0,1408.029175,2788.9301760000003,0.504864
5,457,1,990.010193,1023.070007,0.967686
5,458,0,1400.769409,1625.5505369999998,0.86172
5,458,1,1647.936279,2186.449219,0.753704
5,459,0,1674.4001460000002,1581.589355,1.058682
5,459,1,1282.554077,2230.410645,0.57503
5,460,0,1601.69458,1743.87915,0.918467
5,460,1,1610.5821529999998,2068.120605,0.778766
5,461,0,1611.974976,2483.384766,0.649104
5,461,1,1432.280518,1328.6154789999998,1.078025
5,462,0,1475.152466,1629.208374,0.9054409999999999
5,462,1,1322.435181,2182.791748,0.605846
5,463,0,1110.769775,921.619324,1.2052370000000001
5,463,1,1732.8608399999998,2890.380859,0.599527
5,464,0,1791.254395,3243.427246,0.552272
5,464,1,618.3586429999999,568.572876,1.0875629999999998
5,465,0,1719.870728,3467.2238770000004,0.496037
5,465,1,245.894958,344.776184,0.713202
5,466,0,1742.5010989999998,3072.7104489999997,0.5670890000000001
5,466,1,1015.545105,739.28949,1.373677
5,467,0,207.294754,199.425873,1.039458
5,467,1,1629.852417,3612.573975,0.451161
5,468,0,1691.2324219999998,1832.1108399999998,0.923106
5,468,1,1455.509888,1979.8891600000002,0.735147
5,469,0,1175.100342,1322.119507,0.8888
5,469,1,1083.644775,2489.880371,0.43522
5,470,0,1122.4530029999999,2630.777344,0.426662
5,470,1,1432.794312,1181.2226560000001,1.212976
5,471,0,1313.696289,1788.6859129999998,0.734448
5,471,1,1681.608398,2023.3143309999998,0.831116
5,472,0,1480.224487,2026.5086670000003,0.730431
5,472,1,1543.661987,1785.4913329999997,0.864559
5,473,0,1490.560547,1391.387207,1.071277
5,473,1,1447.186523,2420.612549,0.5978600000000001
5,474,0,1669.512695,2049.781982,0.814483
5,474,1,1742.370972,1762.21814,0.9887370000000001
5,475,0,711.102722,685.0994870000001,1.037955
5,475,1,1637.543701,3126.900391,0.523696
5,476,0,1726.832642,1599.471802,1.0796270000000001
5,476,1,1464.3479,2212.52832,0.661844
5,477,0,1345.2504880000001,1987.156372,0.6769729999999999
5,477,1,1544.13208,1824.843872,0.8461719999999999
5,478,0,1511.692627,2894.67334,0.522233
5,478,1,878.811035,917.326782,0.9580129999999999
5,479,0,1026.89978,1358.838501,0.7557189999999999
5,479,1,1806.317017,2453.161621,0.736322
5,480,0,1559.851074,3446.739746,0.452558
5,480,1,383.96142599999996,365.26004,1.0512
5,481,0,1429.708374,1929.615845,0.740929
5,481,1,1388.536865,1882.384155,0.737648
5,482,0,1379.383911,1639.719849,0.841231
5,482,1,1523.137573,2172.280029,0.70117
5,483,0,1316.974976,1515.756592,0.868856
5,483,1,1397.807739,2296.243408,0.608737
5,484,0,1616.575195,2220.721436,0.72795
5,484,1,1598.29187,1591.278931,1.004407
5,485,0,1384.4338380000002,1553.973999,0.890899
5,485,1,1422.1821289999998,2258.026123,0.629834
5,486,0,748.7597049999999,699.178955,1.070913
5,486,1,1854.772949,3112.821289,0.595849
5,487,0,1548.732666,2731.079102,0.567077
5,487,1,1208.074829,1080.921021,1.117635
5,488,0,1576.344849,2014.8061519999999,0.78238
5,488,1,1450.301636,1797.1938480000001,0.8069810000000001
5,489,0,1630.059448,1912.6197510000002,0.8522649999999999
5,489,1,1262.810181,1899.3802489999998,0.664854
5,490,0,1608.002563,2150.490479,0.747738
5,490,1,1538.930664,1661.5092769999999,0.926225
5,491,0,1393.8278810000002,2410.150146,0.5783159999999999
5,491,1,1531.1446529999998,1401.8498539999998,1.0922319999999999
5,492,0,1685.214111,1804.7750239999998,0.933753
5,492,1,1499.279907,2007.2249760000002,0.746942
5,493,0,1414.911377,1730.542358,0.817612
5,493,1,1334.885864,2081.457764,0.641323
5,494,0,1547.9277339999999,1993.7742920000003,0.776381
5,494,1,1409.955566,1818.225586,0.775457
5,495,0,1342.635498,1095.1132810000001,1.226024
5,495,1,1520.602661,2716.886719,0.559686
5,496,0,1712.656494,3317.910645,0.516185
5,496,1,582.9681400000001,494.089508,1.179884
5,497,0,1713.469116,1837.057983,0.932725
5,497,1,1165.669067,1974.942261,0.590229
5,498,0,1732.9169920000002,2517.918457,0.688234
5,498,1,1380.4282230000001,1294.081665,1.066724
5,499,0,1865.653198,1712.451782,1.0894629999999998
5,499,1,1329.190186,2099.547852,0.633084
5,500,0,1797.4121089999999,2753.185059,0.652848
5,500,1,1391.985962,1058.814941,1.3146639999999998
5,501,0,1422.4213869999999,1922.394409,0.7399220000000001
5,501,1,1554.842773,1889.605957,0.82284
5,502,0,1578.181519,2269.6357420000004,0.695346
5,502,1,1674.378296,1542.364014,1.0855920000000001
5,503,0,1695.566406,2664.100586,0.63645
5,503,1,1342.884155,1147.899048,1.1698629999999999
5,504,0,1480.699951,2489.108398,0.5948720000000001
5,504,1,1464.464111,1322.891479,1.107018
5,505,0,51.250797,46.42445,1.103961
5,505,1,1401.963013,3765.575439,0.37231
5,506,0,1224.383911,1138.396851,1.075534
5,506,1,1379.359009,2673.603027,0.515918
5,507,0,1391.0722660000001,1214.198242,1.1456709999999999
5,507,1,1457.705322,2597.8017579999996,0.56113
5,508,0,1296.2323,1337.512451,0.969137
5,508,1,1476.513672,2474.487793,0.596695
5,509,0,1571.2651369999999,1910.64856,0.8223729999999999
5,509,1,1415.206909,1901.35144,0.744316
5,510,0,1446.639771,1295.4433589999999,1.116714
5,510,1,1594.005737,2516.556885,0.6334069999999999
5,511,0,1388.793457,1772.531616,0.783508
5,511,1,1565.776245,2039.468262,0.767738
5,512,0,1450.598633,1960.437622,0.7399359999999999
5,512,1,1610.745605,1851.562378,0.8699389999999999
5,513,0,1232.819336,1576.475952,0.78201
5,513,1,1288.035645,2235.52417,0.576167
5,514,0,1675.85376,2435.98291,0.687958
5,514,1,1494.059204,1376.01709,1.085785
5,515,0,1022.066956,809.140442,1.263152
5,515,1,1842.119873,3002.859375,0.613455
5,516,0,1037.454102,839.482239,1.235826
5,516,1,1440.104248,2972.517578,0.48447299999999993
5,517,0,1664.92041,1473.705811,1.129751
5,517,1,1362.002563,2338.294189,0.582477
5,518,0,381.3685,484.29235800000004,0.7874760000000001
5,518,1,1428.903076,3327.70752,0.429396
5,519,0,400.666962,366.403137,1.0935139999999999
5,519,1,1799.009155,3445.5969240000004,0.5221180000000001
5,520,0,1428.4061279999999,1633.4570310000001,0.874468
5,520,1,1259.343384,2178.543213,0.578067
5,521,0,280.937714,236.657669,1.187106
5,521,1,1403.9920650000001,3575.342529,0.392687
5,522,0,932.9539179999999,773.088379,1.206788
5,522,1,1623.1289060000001,3038.911621,0.534115
5,523,0,946.978149,805.59668,1.175499
5,523,1,1661.565186,3006.403076,0.552675
5,524,0,1431.74292,3067.4458010000003,0.466754
5,524,1,626.693787,744.554443,0.8417030000000001
5,525,0,1847.953613,3079.044678,0.600171
5,525,1,751.42627,732.955383,1.025201
5,526,0,1665.998535,2589.568115,0.64335
5,526,1,1317.477173,1222.431885,1.0777510000000001
5,527,0,1306.595947,2418.439697,0.5402640000000001
5,527,1,1542.0042720000001,1393.560059,1.106522
5,528,0,60.069218000000006,75.58268000000001,0.794748
5,528,1,1700.081909,3736.417236,0.455003
5,529,0,1185.1567380000001,1787.419312,0.6630550000000001
5,529,1,1557.042114,2024.580688,0.769069
5,530,0,600.336914,592.926208,1.012498
5,530,1,1752.17688,3219.073486,0.544311
5,531,0,1417.1872560000002,1888.651978,0.75037
5,531,1,1571.673828,1923.347778,0.817155
5,532,0,1454.9907230000001,1542.4060060000002,0.943325
5,532,1,1720.964966,2269.5942379999997,0.75827
5,533,0,1622.195923,1966.4002690000002,0.8249569999999999
5,533,1,1507.6954349999999,1845.5997309999998,0.816914
5,534,0,1464.8186039999998,2699.168457,0.542693
5,534,1,1094.856323,1112.831421,0.9838469999999999
5,535,0,1526.711548,2616.527832,0.583488
5,535,1,1306.1953130000002,1195.47229,1.092619
5,536,0,1962.4937739999998,2892.3442379999997,0.678513
5,536,1,960.402588,919.6555789999999,1.0443069999999999
5,537,0,1468.356445,2087.9646,0.703248
5,537,1,1525.546265,1724.035645,0.884869
5,538,0,1490.69812,2982.597656,0.499799
5,538,1,773.0300900000001,829.402161,0.932033
5,539,0,1355.866455,3483.69165,0.389204
5,539,1,249.880524,328.30816699999997,0.761116
5,540,0,886.2631230000001,766.680542,1.155975
5,540,1,1600.579834,3045.319336,0.525587
5,541,0,1296.358521,1549.488159,0.8366370000000001
5,541,1,1611.6879880000001,2262.511719,0.712345
5,542,0,932.567017,796.128479,1.171378
5,542,1,1750.6007079999997,3015.871582,0.5804630000000001
5,543,0,1576.192505,3008.9921879999997,0.523827
5,543,1,868.728577,803.00769,1.081843
5,544,0,1464.0686039999998,2019.4676510000002,0.7249770000000001
5,544,1,1259.152466,1792.5323489999998,0.702443
5,545,0,1724.2203370000002,3790.1994630000004,0.45491499999999996
5,545,1,84.664803,21.80048,3.8836209999999998
5,546,0,1674.702393,2429.325195,0.689369
5,546,1,1153.3557130000002,1382.674561,0.834148
5,547,0,1102.8969730000001,1009.5699460000001,1.092442
5,547,1,1769.083252,2802.43042,0.631267
5,548,0,1226.1016849999999,1072.595093,1.143117
5,548,1,1274.455688,2739.405029,0.46523100000000006
5,549,0,1388.9451900000001,1982.872437,0.700471
5,549,1,1429.2915039999998,1829.127686,0.781406
5,550,0,1504.4454349999999,2822.154785,0.533084
5,550,1,1225.072144,989.845215,1.23764
5,551,0,1310.224487,2512.956543,0.521388
5,551,1,1520.6796880000002,1299.0432130000002,1.170615
5,552,0,1328.113159,1340.642578,0.990654
5,552,1,1703.428955,2471.357178,0.6892689999999999
5,553,0,275.432281,364.871033,0.754876
5,553,1,1748.073608,3447.1289060000004,0.5071100000000001
5,554,0,1664.650757,2227.2189940000003,0.747412
5,554,1,1285.963989,1584.7810060000002,0.811446
5,555,0,1567.988892,3285.74292,0.47721
5,555,1,450.901825,526.25708,0.856809
5,556,0,156.725311,154.639389,1.0134889999999999
5,556,1,1667.1678470000002,3657.360596,0.45583900000000005
5,557,0,1616.9880369999998,2266.725586,0.713359
5,557,1,1455.4748539999998,1545.27417,0.941888
5,558,0,778.417236,615.7313839999999,1.264216
5,558,1,1388.4841310000002,3196.268799,0.434408
5,559,0,1796.758911,3300.041016,0.544466
5,559,1,405.272797,511.958771,0.791612
5,560,0,1842.4787600000002,2823.616211,0.652525
5,560,1,1102.2734380000002,988.38385,1.115228
5,561,0,1232.586792,1095.590576,1.125043
5,561,1,1516.6782230000001,2716.409424,0.558339
5,562,0,480.28939800000006,471.505005,1.0186309999999998
5,562,1,1547.358765,3340.494873,0.463212
5,563,0,1248.909302,2232.538818,0.559412
5,563,1,1355.4936519999999,1579.461182,0.8582
5,564,0,1624.9624019999999,1705.004761,0.9530540000000001
5,564,1,1527.268921,2106.9951170000004,0.7248560000000001
5,565,0,1563.575928,2334.520996,0.669763
5,565,1,1482.060669,1477.4790039999998,1.003101
5,566,0,1471.893433,2157.272461,0.682294
5,566,1,1473.054443,1654.727295,0.8902100000000001
5,567,0,1480.574341,2148.291748,0.689187
5,567,1,1605.881958,1663.708252,0.9652430000000001
5,568,0,1646.482666,2601.575439,0.632879
5,568,1,1411.5998539999998,1210.424561,1.166202
5,569,0,1506.129761,2899.111084,0.519514
5,569,1,1038.414795,912.88916,1.137504
5,570,0,1477.6401369999999,1874.386597,0.788333
5,570,1,1476.932495,1937.613281,0.762243
5,571,0,1016.930359,815.907776,1.2463790000000001
5,571,1,1592.122437,2996.092041,0.5314
5,572,0,1503.8435060000002,2037.026489,0.738254
5,572,1,1556.273071,1774.973511,0.8767870000000001
5,573,0,1746.348511,2243.027344,0.778568
5,573,1,1293.793701,1568.972534,0.8246120000000001
5,574,0,1788.422485,3711.9880369999996,0.481796
5,574,1,114.654472,100.012047,1.146407
5,575,0,1897.2294920000002,3250.060791,0.583752
5,575,1,498.37466399999994,561.939148,0.886884
5,576,0,1533.772217,1423.467773,1.07749
5,576,1,1345.025513,2388.532227,0.563118
5,577,0,99.515839,76.657104,1.298195
5,577,1,1411.0058589999999,3735.342773,0.377745
5,578,0,1752.1625980000001,1849.3842769999999,0.9474299999999999
5,578,1,1270.982422,1962.6157230000001,0.647596
5,579,0,1556.5275880000002,1563.699585,0.9954129999999999
5,579,1,1646.38623,2248.300293,0.73228
5,580,0,1370.887085,1260.0001220000001,1.088006
5,580,1,1586.3480220000001,2552.0,0.62161
5,581,0,1603.3317869999998,3126.0317379999997,0.512897
5,581,1,629.2128299999999,685.968201,0.9172620000000001
5,582,0,1429.098755,1362.9165039999998,1.048559
5,582,1,1802.101929,2449.08374,0.735827
5,583,0,1663.731445,2142.1958010000003,0.776648
5,583,1,1430.552368,1669.804199,0.856719
5,584,0,1605.3164060000001,1893.507935,0.8478
5,584,1,1388.6369630000002,1918.491943,0.723817
5,585,0,896.5109859999999,980.371643,0.91446
5,585,1,1516.251587,2831.628174,0.53547
5,586,0,895.796997,744.386658,1.203403
5,586,1,1716.6386719999998,3067.613281,0.559601
5,587,0,1751.49707,3613.1999509999996,0.48475
5,587,1,215.32501200000002,198.799896,1.083124
5,588,0,1591.32605,1502.115967,1.05939
5,588,1,1703.716187,2309.884277,0.737576
5,589,0,1486.237305,2757.752686,0.538931
5,589,1,1329.952026,1054.247437,1.2615180000000001
5,590,0,1546.406616,3073.231201,0.503186
5,590,1,699.507935,738.76886,0.9468559999999999
5,591,0,1568.803955,1412.508057,1.110651
5,591,1,1555.874146,2399.4916989999997,0.648418
5,592,0,1509.884399,1393.5802,1.083457
5,592,1,1683.425171,2418.419678,0.6960850000000001
5,593,0,104.04727199999999,95.589203,1.088484
5,593,1,1678.761108,3716.410889,0.451716
5,594,0,1538.634399,1920.500122,0.801163
5,594,1,1544.673096,1891.499878,0.816639
5,595,0,1515.692627,2833.623779,0.534895
5,595,1,1270.498779,978.3762210000001,1.2985790000000001
5,596,0,1520.622681,1582.283325,0.961031
5,596,1,1496.800293,2229.716553,0.671296
5,597,0,1656.045532,3422.1601560000004,0.483918
5,597,1,272.753784,389.8396,0.6996560000000001
5,598,0,1601.538086,2173.593018,0.736816
5,598,1,1499.045166,1638.40686,0.914941
5,599,0,1616.754883,1479.800415,1.092549
5,599,1,1457.708618,2332.199463,0.6250359999999999
5,600,0,1484.366821,3437.6511229999996,0.43179700000000004
5,600,1,360.45169100000004,374.34899900000005,0.9628760000000001
5,601,0,1797.6235350000002,1722.894531,1.043374
5,601,1,1343.445679,2089.105469,0.643072
5,602,0,1318.439209,2018.297363,0.653243
5,602,1,1459.156982,1793.702637,0.813489
5,603,0,1672.960205,1577.038696,1.060824
5,603,1,1506.495117,2234.961182,0.674059
5,604,0,1471.791992,1420.2661130000001,1.0362790000000002
5,604,1,1392.685547,2391.7338870000003,0.582291
5,605,0,1532.588867,2525.450195,0.606858
5,605,1,1310.996216,1286.549561,1.019002
5,606,0,1422.525513,2553.20166,0.557154
5,606,1,1373.8220210000002,1258.798584,1.0913760000000001
5,607,0,1608.415894,1429.476318,1.125178
5,607,1,1273.151245,2382.523682,0.534371
5,608,0,1552.377075,3775.078857,0.411217
5,608,1,70.81517,36.921101,1.9180139999999999
5,609,0,893.371277,903.71698,0.9885520000000001
5,609,1,1633.287964,2908.282959,0.561599
5,610,0,1364.69104,2819.259766,0.48406000000000005
5,610,1,1249.004517,992.740051,1.258139
5,611,0,275.550995,301.828156,0.91294
5,611,1,1876.0876460000002,3510.172119,0.5344720000000001
5,612,0,1344.625732,1824.7489010000002,0.736883
5,612,1,1760.4389649999998,1987.2510989999998,0.8858659999999999
5,613,0,1818.296021,2869.756104,0.633606
5,613,1,1130.334106,942.243835,1.1996200000000001
5,614,0,1576.49353,1429.28064,1.102998
5,614,1,1236.088623,2382.719482,0.518772
5,615,0,1354.6563720000001,2447.69751,0.553441
5,615,1,1466.094727,1364.30249,1.074611
5,616,0,1266.809326,1149.069702,1.102465
5,616,1,1207.7504880000001,2662.93042,0.453542
5,617,0,1713.691895,3669.795898,0.466972
5,617,1,163.727448,142.20408600000002,1.151355
5,618,0,1559.3011470000001,2201.560059,0.708271
5,618,1,1477.098267,1610.440063,0.9172020000000001
5,619,0,1600.787231,1482.830688,1.079548
5,619,1,1420.266846,2329.168945,0.6097739999999999
5,620,0,301.96142599999996,272.050323,1.109947
5,620,1,1672.398071,3539.949707,0.47243599999999997
5,621,0,22.425684,124.777649,0.179725
5,621,1,1595.264282,3687.2224119999996,0.432647
5,622,0,1647.1000980000001,3131.180908,0.5260319999999999
5,622,1,784.96698,680.819092,1.152974
5,623,0,1348.2460939999999,2686.503906,0.501859
5,623,1,1365.492554,1125.496216,1.213236
5,624,0,1517.560303,1656.129883,0.9163290000000001
5,624,1,1506.1040039999998,2155.8701170000004,0.6986060000000001
5,625,0,579.957214,649.87677,0.8924110000000001
5,625,1,1514.419067,3162.123291,0.478925
5,626,0,1744.7840579999997,1945.643799,0.8967639999999999
5,626,1,1435.971313,1866.356201,0.7693979999999999
5,627,0,1697.515747,2108.741211,0.80499
5,627,1,1706.8656010000002,1703.2590329999998,1.002117
5,628,0,1252.013794,2312.676025,0.54137
5,628,1,1591.235474,1499.32373,1.061302
5,629,0,1540.996948,2366.8591309999997,0.6510729999999999
5,629,1,1541.0209960000002,1445.1408689999998,1.066347
5,630,0,218.35963399999997,101.446709,2.152457
5,630,1,1747.4698489999998,3710.553223,0.47094600000000003
5,631,0,1679.254761,1824.348877,0.9204680000000001
5,631,1,1179.146362,1987.6508789999998,0.593236
5,632,0,1617.92334,2009.3148190000002,0.805211
5,632,1,1392.342529,1802.685059,0.772371
5,633,0,1760.272949,2909.618896,0.604984
5,633,1,1022.3620609999999,902.3811039999999,1.13296
5,634,0,936.19574,903.538879,1.036143
5,634,1,1598.951416,2908.461182,0.549759
5,635,0,1562.629395,3642.990723,0.42894099999999996
5,635,1,171.056427,169.00921599999998,1.0121129999999998
5,636,0,1332.8125,1824.78418,0.730395
5,636,1,1833.569702,1987.21582,0.922683
5,637,0,1655.6798099999999,2027.99585,0.816412
5,637,1,1440.932495,1784.00415,0.807696
5,638,0,1876.526978,2963.817139,0.633145
5,638,1,905.1614380000001,848.1828609999999,1.067177
5,639,0,1742.343262,1894.811523,0.919534
5,639,1,1289.8122560000002,1917.188232,0.672762
5,640,0,1524.2094730000001,2288.331055,0.666079
5,640,1,1521.2852779999998,1523.668823,0.9984360000000001
5,641,0,1532.10083,1957.213623,0.7827970000000001
5,641,1,1368.5102539999998,1854.786377,0.737826
5,642,0,1202.926392,944.8193970000001,1.273181
5,642,1,1434.866821,2867.18042,0.500445
5,643,0,1278.463745,1238.0271,1.0326620000000002
5,643,1,1546.4160160000001,2573.9729,0.6007899999999999
5,644,0,1157.365845,2091.2138670000004,0.553442
5,644,1,1707.297119,1720.786011,0.9921610000000001
5,645,0,1568.360474,2021.472168,0.7758510000000001
5,645,1,1665.938354,1790.527832,0.930417
5,646,0,948.755066,725.3945309999999,1.307916
5,646,1,1438.602783,3086.605469,0.466079
5,647,0,642.554932,519.4002690000001,1.237109
5,647,1,1400.815674,3292.599609,0.42544399999999993
5,648,0,1358.459961,2395.4609379999997,0.567098
5,648,1,1513.129761,1416.538818,1.068188
5,649,0,893.664917,752.645447,1.187365
5,649,1,1768.323486,3059.3544920000004,0.578005
5,650,0,1926.169312,3368.5187990000004,0.571815
5,650,1,364.011597,443.481445,0.8208049999999999
5,651,0,1375.571289,1403.577148,0.9800469999999999
5,651,1,1423.268433,2408.423096,0.590954
5,652,0,1597.089355,2985.438232,0.53496
5,652,1,996.793213,826.561646,1.205951
5,653,0,1652.2734380000002,2510.4423829999996,0.6581600000000001
5,653,1,1398.443115,1301.557739,1.074438
5,654,0,1436.147217,2465.537109,0.582489
5,654,1,1576.23645,1346.462769,1.17065
5,655,0,1792.03894,2307.104004,0.776748
5,655,1,1198.02124,1504.895874,0.796082
5,656,0,1561.535889,2813.512939,0.555013
5,656,1,1097.542358,998.4871220000001,1.099205
5,657,0,1244.035889,1104.51001,1.1263239999999999
5,657,1,1703.0759280000002,2707.48999,0.629024
5,658,0,1126.467407,2160.755859,0.5213300000000001
5,658,1,1689.885498,1651.244019,1.023401
5,659,0,1598.3378910000001,3223.373047,0.495859
5,659,1,499.705261,588.626709,0.848934
5,660,0,1330.344971,2886.972412,0.46081000000000005
5,660,1,903.279175,925.027466,0.9764889999999999
5,661,0,1745.4512940000002,2098.1521,0.8318989999999999
5,661,1,1512.2033689999998,1713.847778,0.882344
5,662,0,1679.859253,2685.9064940000003,0.6254350000000001
5,662,1,1272.6088869999999,1126.0932619999999,1.13011
5,663,0,1547.09436,2231.24585,0.693377
5,663,1,1523.641235,1580.754395,0.9638700000000001
5,664,0,1769.686523,2590.553223,0.683131
5,664,1,1251.62085,1221.446533,1.024704
5,665,0,220.024094,101.412094,2.169604
5,665,1,1715.5837399999998,3710.587646,0.462348
5,666,0,1630.622559,2935.099365,0.55556
5,666,1,931.569275,876.900452,1.062343
5,667,0,422.41333,289.55020099999996,1.45886
5,667,1,1464.157837,3522.449707,0.41566499999999995
5,668,0,1381.45752,1723.9355469999998,0.801339
5,668,1,1605.813843,2088.064209,0.769044
5,669,0,1328.967773,2479.205566,0.536046
5,669,1,1414.0938720000001,1332.794434,1.060999
5,670,0,1449.306763,3015.093018,0.480684
5,670,1,768.7520139999999,796.907288,0.964669
5,671,0,1779.6104739999998,2199.3278809999997,0.809161
5,671,1,1358.003784,1612.672485,0.842083
5,672,0,24.487442,106.77006499999999,0.22934699999999997
5,672,1,1661.593384,3705.2299799999996,0.448445
5,673,0,1388.186768,2115.285645,0.6562640000000001
5,673,1,1656.0235599999999,1696.714478,0.976018
5,674,0,1208.2030029999999,2091.415771,0.577696
5,674,1,1617.8084720000002,1720.5844730000001,0.940267
5,675,0,1660.565063,1806.5683589999999,0.9191819999999999
5,675,1,1385.679077,2005.4317629999998,0.690963
5,676,0,1934.625854,3242.230225,0.596696
5,676,1,433.469727,569.769348,0.760781
5,677,0,1544.352905,2756.061279,0.560348
5,677,1,1133.860718,1055.938721,1.0737940000000001
5,678,0,1746.2291260000002,2026.491455,0.861701
5,678,1,1097.251953,1785.5086670000003,0.614532
5,679,0,1328.376953,1598.407104,0.8310629999999999
5,679,1,1696.658813,2213.592773,0.766473
5,680,0,1434.720703,2222.95166,0.645412
5,680,1,1370.828125,1589.04834,0.8626719999999999
5,681,0,1642.8374019999999,2583.381348,0.635925
5,681,1,1315.980957,1228.6186519999999,1.071106
5,682,0,1803.9587399999998,2414.587646,0.747108
5,682,1,1169.155029,1397.412476,0.836657
5,683,0,1594.134155,1531.866211,1.040648
5,683,1,1253.4848630000001,2280.133789,0.549742
5,684,0,1423.294556,2346.0786129999997,0.6066699999999999
5,684,1,1531.307251,1465.921509,1.044604
5,685,0,840.8425289999999,834.114807,1.008066
5,685,1,1348.320679,2977.885254,0.45277799999999996
5,686,0,1246.375854,1515.16626,0.8226
5,686,1,1604.292358,2296.833496,0.69848
5,687,0,1549.1967769999999,2397.610352,0.646142
5,687,1,1488.061279,1414.389526,1.052087
5,688,0,1727.4794920000002,2641.583496,0.6539560000000001
5,688,1,1366.112915,1170.416138,1.167203
5,689,0,1701.187866,1937.343262,0.8781030000000001
5,689,1,1492.310913,1874.656616,0.796045
5,690,0,1328.049438,2487.36084,0.5339189999999999
5,690,1,1459.655151,1324.639282,1.101927
5,691,0,1241.7502439999998,2313.771729,0.536678
5,691,1,1732.897461,1498.2282710000002,1.156631
5,692,0,1282.409546,2474.5859379999997,0.518232
5,692,1,1497.787842,1337.4140630000002,1.119913
5,693,0,1303.823364,1687.84436,0.772478
5,693,1,1515.87085,2124.155273,0.713635
5,694,0,1608.216187,1450.0582279999999,1.10907
5,694,1,1597.0061039999998,2361.94165,0.676141
5,695,0,1530.549316,2196.056152,0.696954
5,695,1,1385.2147220000002,1615.9438480000001,0.857217
5,696,0,1718.815063,2886.4140629999997,0.595485
5,696,1,1187.959351,925.585876,1.283467
5,697,0,433.90988200000004,361.47738599999997,1.200379
5,697,1,1650.565674,3450.522461,0.47835200000000005
5,698,0,893.4873660000001,702.032471,1.272715
5,698,1,1396.814575,3109.967529,0.449141
5,699,0,1487.602051,3007.706787,0.494597
5,699,1,1085.7441410000001,804.293091,1.349936
5,700,0,1814.887573,2365.415771,0.767259
5,700,1,1396.792236,1446.5844730000001,0.9655790000000001
5,701,0,307.409668,455.468079,0.6749310000000001
5,701,1,1648.832642,3356.531982,0.49123100000000003
5,702,0,1660.736938,2337.90332,0.710353
5,702,1,1437.898804,1474.096436,0.9754440000000001
5,703,0,1527.932495,1924.52356,0.793928
5,703,1,1518.176392,1887.476318,0.804342
5,704,0,961.918457,788.706482,1.219615
5,704,1,1722.960693,3023.293457,0.5698949999999999
5,705,0,1421.1326900000001,2055.393555,0.691416
5,705,1,1500.49939,1756.6065670000003,0.854203
5,706,0,1331.842163,1119.6446529999998,1.189522
5,706,1,1718.3842769999999,2692.355225,0.638246
5,707,0,1753.362671,3369.7319340000004,0.5203270000000001
5,707,1,345.696014,442.26800499999996,0.781644
5,708,0,1423.678833,2177.5854489999997,0.653788
5,708,1,1487.9157710000002,1634.414307,0.910366
5,709,0,1433.6723630000001,2290.274902,0.625983
5,709,1,1562.040894,1521.724976,1.026494
5,710,0,1598.344849,3353.0466309999997,0.476684
5,710,1,318.228424,458.953247,0.693379
5,711,0,1621.631836,1825.5061039999998,0.8883190000000001
5,711,1,1342.8500980000001,1986.4938960000002,0.67599
5,712,0,1323.870483,1154.582764,1.146622
5,712,1,1514.8286130000001,2657.417236,0.570038
5,713,0,1710.758911,2111.556641,0.810188
5,713,1,1200.9608150000001,1700.4433589999999,0.706263
5,714,0,1713.7324219999998,2479.73291,0.691096
5,714,1,1118.993408,1332.26709,0.839917
5,715,0,1692.3544920000002,1527.201904,1.108141
5,715,1,1711.417358,2284.79834,0.749045
5,716,0,1633.326538,1864.4897460000002,0.8760180000000001
5,716,1,1179.052856,1947.5102539999998,0.6054149999999999
5,717,0,1607.998779,2307.449463,0.696873
5,717,1,1520.884644,1504.550415,1.010857
5,718,0,1600.351196,1425.804321,1.12242
5,718,1,1184.385132,2386.1958010000003,0.496349
5,719,0,1568.302124,1916.726929,0.8182189999999999
5,719,1,1825.171509,1895.272827,0.9630129999999999
5,720,0,1312.726929,2136.558105,0.614412
5,720,1,1645.1365970000002,1675.441895,0.9819120000000001
5,721,0,1369.702759,2066.335205,0.662866
5,721,1,1780.677368,1745.664551,1.020057
5,722,0,1611.768799,2893.794678,0.556974
5,722,1,1010.5731199999999,918.2054439999999,1.100596
5,723,0,523.228027,550.597473,0.950291
5,723,1,1601.800293,3261.402588,0.491138
5,724,0,1788.795532,3604.9792479999996,0.496201
5,724,1,131.805222,207.02073700000003,0.636676
5,725,0,1314.860352,1876.654175,0.700641
5,725,1,1829.572998,1935.345825,0.9453469999999999
5,726,0,1704.545654,2097.122803,0.812802
5,726,1,1503.837036,1714.8771969999998,0.876936
5,727,0,194.001404,231.896835,0.836585
5,727,1,1813.511475,3580.103271,0.5065529999999999
5,728,0,1679.582886,3283.77124,0.51148
5,728,1,486.53085300000004,528.228699,0.921061
5,729,0,1727.732666,2882.15918,0.599458
5,729,1,1100.772461,929.8406369999999,1.183829
5,730,0,458.03161600000004,526.221863,0.8704149999999999
5,730,1,1720.288818,3285.778076,0.523556
5,731,0,1685.332886,2218.866211,0.759547
5,731,1,1517.9938960000002,1593.133911,0.952835
5,732,0,1588.333008,1973.651245,0.804769
5,732,1,1299.640625,1838.348877,0.706961
5,733,0,830.263245,786.7995,1.055241
5,733,1,1616.853394,3025.200684,0.534462
5,734,0,1468.3540039999998,1281.4536130000001,1.14585
5,734,1,1780.863892,2530.546143,0.703747
5,735,0,1590.886108,1699.835571,0.9359059999999999
5,735,1,1453.550293,2112.1645510000003,0.68818
5,736,0,1580.006226,2710.7502440000003,0.582867
5,736,1,1271.532104,1101.249634,1.154627
5,737,0,258.512177,460.905151,0.560879
5,737,1,1606.303711,3351.094727,0.479337
5,738,0,1442.544678,1616.95874,0.892134
5,738,1,1365.100952,2195.041016,0.6219020000000001
5,739,0,1594.834351,1470.196289,1.084777
5,739,1,1545.4492189999999,2341.803711,0.65994
5,740,0,1889.2413329999997,3459.8420409999994,0.546048
5,740,1,493.574951,352.157867,1.401573
5,741,0,987.8920289999999,851.260925,1.160504
5,741,1,1873.3072510000002,2960.739014,0.632716
5,742,0,1566.451782,1677.59314,0.9337489999999999
5,742,1,1290.619995,2134.407227,0.6046739999999999
5,743,0,1384.0900880000002,1964.667603,0.704491
5,743,1,1352.955811,1847.332642,0.732383
5,744,0,1806.753418,3468.6464840000003,0.520881
5,744,1,385.599091,343.35357700000003,1.123038
5,745,0,1433.18811,2249.660156,0.637069
5,745,1,1470.044312,1562.339966,0.940925
5,746,0,1704.696045,1662.964966,1.025094
5,746,1,1288.522705,2149.034912,0.599582
5,747,0,1643.505981,1955.8802489999998,0.84029
5,747,1,1290.934204,1856.1196289999998,0.6955020000000001
5,748,0,1636.5428470000002,1583.5802,1.0334450000000002
5,748,1,1147.227539,2228.420166,0.514817
5,749,0,1576.7344970000001,1618.787476,0.9740219999999999
5,749,1,1243.263062,2193.212646,0.566868
5,750,0,1512.832886,2171.767578,0.696591
5,750,1,1683.0023190000002,1640.232544,1.026075
5,751,0,1521.400757,1599.3813480000001,0.9512430000000001
5,751,1,1702.058594,2212.618652,0.769251
5,752,0,899.5792849999999,850.131775,1.0581639999999999
5,752,1,1498.540405,2961.868164,0.505944
5,753,0,279.76025400000003,224.241623,1.247584
5,753,1,1775.320435,3587.758301,0.494827
5,754,0,1594.646851,2252.007568,0.7081
5,754,1,1179.793457,1559.9921880000002,0.756282
5,755,0,1487.337158,3735.258545,0.39818899999999996
5,755,1,89.756622,76.74137900000001,1.169599
5,756,0,1731.312744,2269.02124,0.763022
5,756,1,1466.2070310000001,1542.97876,0.9502440000000001
5,757,0,1251.531616,1138.40625,1.099372
5,757,1,1692.622559,2673.59375,0.633089
5,758,0,1489.95166,1528.306519,0.9749040000000001
5,758,1,1499.9936519999999,2283.693359,0.656828
5,759,0,1665.841064,2831.920654,0.588237
5,759,1,948.949036,980.0792849999999,0.9682370000000001
5,760,0,1764.8530269999999,1910.782593,0.9236280000000001
5,760,1,1451.912476,1901.217407,0.763675
5,761,0,1296.585205,1180.1875,1.098626
5,761,1,1638.840698,2631.8125,0.622704
5,762,0,1499.814941,3687.5432130000004,0.406725
5,762,1,89.24805500000001,124.456703,0.717101
5,763,0,1421.387695,2510.59082,0.566157
5,763,1,1417.141235,1301.409302,1.0889280000000001
5,764,0,1763.9749760000002,2039.548218,0.864885
5,764,1,1431.690552,1772.4515379999998,0.807746
5,765,0,1699.1779789999998,3513.7763670000004,0.483576
5,765,1,363.063904,298.22357200000005,1.217422
5,766,0,1349.7536619999998,2117.79834,0.637338
5,766,1,1829.968506,1694.2015379999998,1.080136
5,767,0,1893.547607,3361.3781740000004,0.563325
5,767,1,390.447723,450.621918,0.8664639999999999
5,768,0,932.937073,974.694824,0.957158
5,768,1,1425.47998,2837.30542,0.502406
5,769,0,1600.268677,2370.123535,0.675184
5,769,1,1381.750732,1441.876465,0.9583
5,770,0,1815.8802489999998,3175.990234,0.571752
5,770,1,572.287048,636.009949,0.8998079999999999
5,771,0,1139.61792,1792.8034670000002,0.635662
5,771,1,1550.484009,2019.196655,0.767872
5,772,0,1578.076904,1651.669434,0.9554440000000001
5,772,1,1566.303711,2160.330566,0.7250300000000001
5,773,0,1440.018677,2636.638184,0.546157
5,773,1,1285.7301029999999,1175.361938,1.093901
5,774,0,1410.100342,2020.1540530000002,0.698016
5,774,1,1503.191895,1791.8459469999998,0.838907
5,775,0,1392.288086,1613.278442,0.8630180000000001
5,775,1,1458.2182619999999,2198.721924,0.663212
5,776,0,1284.440918,1075.662231,1.194093
5,776,1,1682.8063960000002,2736.337646,0.614985
5,777,0,1572.034424,1933.8819579999997,0.812891
5,777,1,1595.978638,1878.1180420000003,0.849775
5,778,0,1327.774414,1220.307495,1.088065
5,778,1,1644.2192380000001,2591.692627,0.634419
5,779,0,1309.2595210000002,2077.6091309999997,0.6301760000000001
5,779,1,1549.367554,1734.390625,0.8933209999999999
5,780,0,1695.923096,2743.286621,0.618208
5,780,1,1283.513184,1068.713501,1.2009889999999999
5,781,0,545.584961,599.1393429999999,0.9106139999999999
5,781,1,1497.83374,3212.860596,0.466199
5,782,0,1248.713623,1333.602295,0.9363459999999999
5,782,1,1658.113892,2478.397705,0.669027
5,783,0,1757.972046,2416.843018,0.727384
5,783,1,1536.083862,1395.157104,1.101011
5,784,0,1448.785767,1812.6961670000003,0.799244
5,784,1,1516.3516849999999,1999.3038329999997,0.75844
5,785,0,1562.094727,2031.17981,0.769058
5,785,1,1419.778076,1780.82019,0.797261
5,786,0,1603.0664060000001,1394.165161,1.14984
5,786,1,1384.018311,2417.834717,0.572421
5,787,0,1683.962036,2770.900391,0.607731
5,787,1,1121.264526,1041.0996089999999,1.077
5,788,0,1832.16333,1690.886475,1.083552
5,788,1,1201.977905,2121.113525,0.566673
5,789,0,1560.37915,1428.143311,1.092593
5,789,1,1432.186646,2383.856934,0.600785
5,790,0,1436.947144,2350.252441,0.611401
5,790,1,1609.244019,1461.747437,1.100904
5,791,0,1437.06543,3470.679932,0.414059
5,791,1,281.718719,341.319946,0.8253799999999999
5,792,0,989.173889,775.323547,1.2758209999999999
5,792,1,1563.9804689999999,3036.676514,0.51503
5,793,0,1384.02832,2496.844971,0.554311
5,793,1,1295.567139,1315.155029,0.9851059999999999
5,794,0,461.714508,510.23999000000003,0.904897
5,794,1,1937.30603,3301.76001,0.586749
5,795,0,1579.8222660000001,2605.0786129999997,0.6064390000000001
5,795,1,1411.181274,1206.9216310000002,1.16924
5,796,0,1316.1016849999999,2290.655518,0.5745520000000001
5,796,1,1610.579346,1521.344482,1.058655
5,797,0,1039.1560060000002,801.074585,1.297203
5,797,1,1445.237183,3010.925293,0.479998
5,798,0,1650.446167,2364.019531,0.698152
5,798,1,1288.358765,1447.980591,0.889762
5,799,0,1677.601318,2724.995605,0.615635
5,799,1,1261.900269,1087.0042720000001,1.1608969999999998
5,800,0,1626.9376220000001,3279.978027,0.496021
5,800,1,594.892151,532.021912,1.118172
5,801,0,1555.008423,1878.16333,0.827941
5,801,1,1437.5375980000001,1933.836548,0.74336
5,802,0,1333.9334720000002,1736.6193850000002,0.768121
5,802,1,1598.4428710000002,2075.380615,0.770193
5,803,0,1470.180908,2393.185547,0.61432
5,803,1,1463.108765,1418.814453,1.031219
5,804,0,1475.615967,1296.407471,1.138235
5,804,1,1261.362427,2515.592285,0.501418
5,805,0,1479.944336,3009.891602,0.49169399999999996
5,805,1,1012.193848,802.108521,1.261916
5,806,0,1571.931763,2101.233398,0.7481
5,806,1,1512.081177,1710.766479,0.883862
5,807,0,1449.3867189999999,1623.472168,0.8927700000000001
5,807,1,1512.2854,2188.527832,0.691006
5,808,0,1725.722412,2957.161621,0.5835739999999999
5,808,1,869.3348390000001,854.8385619999999,1.016958
5,809,0,1562.663208,2721.934814,0.5741
5,809,1,1270.7561039999998,1090.064819,1.1657620000000002
5,810,0,1452.559204,3051.866943,0.475958
5,810,1,968.786682,760.132935,1.2744959999999999
5,811,0,1530.30188,2528.5390629999997,0.605212
5,811,1,1402.283569,1283.4610599999999,1.0925799999999999
5,812,0,1455.429932,2021.834961,0.719856
5,812,1,1483.012329,1790.1652829999998,0.8284219999999999
5,813,0,501.896912,569.805359,0.8808219999999999
5,813,1,1479.133911,3242.19458,0.456214
5,814,0,1543.3828130000002,2389.614014,0.645871
5,814,1,1575.12854,1422.386108,1.107385
5,815,0,1570.879883,1848.874268,0.849641
5,815,1,1339.882568,1963.125854,0.682525
5,816,0,1547.6363529999999,2269.787354,0.6818420000000001
5,816,1,1685.955566,1542.212524,1.093206
5,817,0,294.364685,289.432495,1.017041
5,817,1,1445.785034,3522.5676270000004,0.41043500000000005
5,818,0,274.398224,174.951065,1.5684280000000002
5,818,1,1695.41333,3637.048828,0.46615100000000004
5,819,0,1695.8302,1758.287964,0.9644780000000001
5,819,1,1543.654419,2053.711914,0.751641
5,820,0,570.265808,620.668518,0.9187930000000001
5,820,1,1877.1469730000001,3191.331543,0.588202
5,821,0,682.02887,771.7374269999999,0.883758
5,821,1,1498.338135,3040.262695,0.492832
5,822,0,1332.069092,2000.623779,0.6658270000000001
5,822,1,1743.519043,1811.3760989999998,0.9625379999999999
5,823,0,605.323669,635.7752690000001,0.952103
5,823,1,1661.415039,3176.224854,0.523079
5,824,0,1738.5292969999998,2655.263916,0.654748
5,824,1,1310.7890630000002,1156.736206,1.1331790000000002
5,825,0,1721.834961,2922.315918,0.589202
5,825,1,992.797791,889.684143,1.115899
5,826,0,1608.997192,1496.0974119999998,1.0754629999999998
5,826,1,1437.280029,2315.902588,0.620613
5,827,0,1486.273193,2332.577148,0.637181
5,827,1,1594.051758,1479.422729,1.077482
5,828,0,1644.315308,2991.505371,0.549662
5,828,1,1027.890259,820.494507,1.252769
5,829,0,1287.581665,1165.3376460000002,1.1049
5,829,1,1988.432495,2646.662354,0.7512979999999999
5,830,0,1772.081299,3719.4975590000004,0.47643
5,830,1,43.472069,92.50238,0.46995600000000004
5,831,0,1323.288086,1116.381714,1.185337
5,831,1,1373.822998,2695.618408,0.50965
5,832,0,1536.3085939999999,2071.813721,0.741528
5,832,1,1209.4528810000002,1740.186523,0.695013
5,833,0,1633.829346,2173.592773,0.751672
5,833,1,1453.852173,1638.407349,0.887357
5,834,0,1791.9390870000002,2636.6333010000003,0.679632
5,834,1,1421.2651369999999,1175.366821,1.2092100000000001
5,835,0,353.024658,393.684967,0.896719
5,835,1,1783.472168,3418.3149409999996,0.52174
5,836,0,1479.244385,3225.769775,0.458571
5,836,1,726.405396,586.229919,1.239113
5,837,0,1233.575439,2084.82959,0.591691
5,837,1,1677.365601,1727.1704100000002,0.9711639999999999
5,838,0,1356.684937,2153.813232,0.629899
5,838,1,1569.007324,1658.186768,0.946219
5,839,0,1329.520508,1142.148804,1.164052
5,839,1,1301.0271,2669.8510739999997,0.487303
5,840,0,1443.064209,3001.9021,0.480717
5,840,1,897.0148320000001,810.097961,1.107292
5,841,0,1341.651367,1920.595093,0.6985600000000001
5,841,1,1777.364014,1891.4047850000002,0.9397059999999999
5,842,0,1067.1407470000001,2031.3106690000002,0.525346
5,842,1,1914.4166260000002,1780.6893309999998,1.075099
5,843,0,1332.8439939999998,1097.770874,1.214137
5,843,1,1503.426636,2714.229004,0.553906
5,844,0,1342.668823,2432.4448239999997,0.551983
5,844,1,1505.4414060000001,1379.555542,1.091251
5,845,0,1539.263306,1432.3865970000002,1.074614
5,845,1,1434.532104,2379.613525,0.602842
5,846,0,765.354431,651.791016,1.174233
5,846,1,1755.2169190000002,3160.208984,0.555412
5,847,0,514.630005,562.144226,0.9154770000000001
5,847,1,1759.7597660000001,3249.855713,0.541489
5,848,0,1232.544067,1555.4216310000002,0.7924180000000001
5,848,1,1758.331421,2256.578125,0.779203
5,849,0,1584.408203,2091.4609379999997,0.75756
5,849,1,1707.980713,1720.538818,0.9927010000000001
5,850,0,556.074524,510.861938,1.088503
5,850,1,1783.09314,3301.138184,0.540145
5,851,0,1412.289795,1842.76355,0.7663979999999999
5,851,1,1705.2910160000001,1969.2363280000002,0.865966
5,852,0,1865.28833,3762.38208,0.49577299999999996
5,852,1,46.308417999999996,49.617908,0.9333
5,853,0,1577.827026,1758.797485,0.897106
5,853,1,1509.169067,2053.2026370000003,0.735032
5,854,0,1553.790894,1886.379517,0.8236889999999999
5,854,1,1620.887085,1925.620361,0.8417479999999999
5,855,0,944.769653,850.494324,1.110848
5,855,1,1456.454102,2961.505859,0.491795
5,856,0,1088.8323970000001,996.23053,1.0929520000000001
5,856,1,1516.096313,2815.769531,0.538431
5,857,0,1376.952026,1094.42395,1.258152
5,857,1,1365.383789,2717.576172,0.5024270000000001
5,858,0,1143.5664060000001,1023.3342289999999,1.117491
5,858,1,1762.03479,2788.665771,0.6318560000000001
5,859,0,679.491211,603.580566,1.125767
5,859,1,1675.086548,3208.419434,0.522091
5,860,0,975.0177,734.7212519999999,1.327058
5,860,1,1672.881836,3077.278809,0.543624
5,861,0,507.433929,441.72525,1.148755
5,861,1,1852.4157710000002,3370.274658,0.5496340000000001
5,862,0,1489.054443,2701.356934,0.551225
5,862,1,1241.280396,1110.643433,1.117623
5,863,0,1461.3999019999999,1573.961304,0.928485
5,863,1,1637.877563,2238.0385739999997,0.7318359999999999
5,864,0,1859.824097,1744.614014,1.0660379999999998
5,864,1,1297.917725,2067.385986,0.6278060000000001
5,865,0,1859.564209,2300.015625,0.808501
5,865,1,1355.87854,1511.9846189999998,0.896754
5,866,0,1662.340332,2318.767578,0.716907
5,866,1,1315.783569,1493.232544,0.881165
5,867,0,1298.631714,2302.703857,0.563959
5,867,1,1452.0195310000001,1509.295898,0.962051
5,868,0,1719.800049,2958.383789,0.581331
5,868,1,862.658203,853.6162720000001,1.010592
5,869,0,1632.8707279999999,1710.1434329999997,0.954815
5,869,1,1452.52478,2101.856445,0.691068
5,870,0,1728.254639,3732.571045,0.46302
5,870,1,107.511017,79.429222,1.353545
5,871,0,1363.6503910000001,1112.738525,1.22549
5,871,1,1461.285645,2699.261963,0.541365
5,872,0,1254.8826900000001,1813.768799,0.691865
5,872,1,1775.744995,1998.231201,0.888658
5,873,0,1115.486328,954.822083,1.168266
5,873,1,1473.898682,2857.177734,0.515858
5,874,0,1175.822388,1034.5622560000002,1.136541
5,874,1,1837.5445559999998,2777.4377440000003,0.661597
5,875,0,1267.299683,1638.3828130000002,0.773506
5,875,1,1703.441406,2173.6171879999997,0.78369
5,876,0,1539.447388,2430.777588,0.633315
5,876,1,1529.661377,1381.2224119999998,1.107469
5,877,0,1668.46521,3398.070557,0.491004
5,877,1,381.656708,413.92965699999996,0.922033
5,878,0,1460.6567380000001,1319.264893,1.107175
5,878,1,1784.533936,2492.735107,0.7158939999999999
5,879,0,1184.007324,2605.786377,0.454376
5,879,1,1407.199707,1206.213501,1.166626
5,880,0,140.960739,176.50968899999998,0.798601
5,880,1,1574.30835,3635.4902340000003,0.433039
5,881,0,1243.713135,978.470459,1.271079
5,881,1,1552.852661,2833.529541,0.548028
5,882,0,1666.0448,1441.8398439999999,1.155499
5,882,1,1412.879517,2370.160156,0.596111
5,883,0,572.8895259999999,564.808533,1.014307
5,883,1,1525.21521,3247.191406,0.469703
5,884,0,201.999542,233.414413,0.8654120000000001
5,884,1,1824.105225,3578.585693,0.509728
5,885,0,1626.6665039999998,1971.361816,0.825149
5,885,1,1710.004272,1840.638062,0.9290280000000001
5,886,0,1565.993286,1942.934326,0.805994
5,886,1,1676.09082,1869.065796,0.896753
5,887,0,1262.4022220000002,3028.050537,0.41690299999999997
5,887,1,768.678162,783.949585,0.9805200000000001
5,888,0,1535.046509,1558.53125,0.984931
5,888,1,1797.355225,2253.4685059999997,0.7975949999999999
5,889,0,1300.958252,1703.227905,0.7638189999999999
5,889,1,1623.897827,2108.771973,0.770068
5,890,0,1463.728149,1516.234985,0.9653700000000001
5,890,1,1536.989624,2295.764893,0.669489
5,891,0,1572.186157,1974.210327,0.796362
5,891,1,1374.891357,1837.7899170000003,0.7481220000000001
5,892,0,1751.9698489999998,2644.584961,0.662474
5,892,1,1267.660767,1167.414917,1.0858700000000001
5,893,0,1546.377686,3722.9975590000004,0.415358
5,893,1,132.266891,89.002388,1.486105
5,894,0,1807.9438480000001,3478.708496,0.519717
5,894,1,284.01532000000003,333.29159500000003,0.852153
5,895,0,1831.0728760000002,3253.238037,0.562846
5,895,1,714.302734,558.761963,1.278367
5,896,0,1446.5375980000001,1197.233521,1.208233
5,896,1,1371.052612,2614.766602,0.52435
5,897,0,1601.606323,2782.052979,0.575692
5,897,1,1122.658813,1029.9470210000002,1.090016
5,898,0,1842.199097,3685.265869,0.499882
5,898,1,123.677299,126.73393200000001,0.9758819999999999
5,899,0,859.816406,712.8526,1.2061629999999999
5,899,1,1746.905396,3099.147461,0.563673
5,900,0,1357.559448,1218.2657470000001,1.1143379999999998
5,900,1,1493.043335,2593.734375,0.575635
5,901,0,1495.071167,1937.6546629999998,0.771588
5,901,1,1626.179321,1874.345459,0.867599
5,902,0,16.662239000000003,11.697783,1.424393
5,902,1,1704.942261,3800.302246,0.448633
5,903,0,1587.436401,1439.348877,1.1028850000000001
5,903,1,1193.776001,2372.6513670000004,0.5031399999999999
5,904,0,1685.2983399999998,3012.6958010000003,0.559399
5,904,1,1134.904907,799.304199,1.419866
5,905,0,1556.891235,3015.116455,0.516362
5,905,1,955.2762449999999,796.883606,1.1987649999999999
5,906,0,1424.664551,2523.071533,0.564655
5,906,1,1499.844116,1288.928345,1.163637
5,907,0,1631.91748,1795.6889649999998,0.908797
5,907,1,1551.666992,2016.3110350000002,0.7695569999999999
5,908,0,1855.327759,3738.6687009999996,0.496254
5,908,1,86.320992,73.33120699999999,1.177139
5,909,0,1534.9648439999999,1295.512207,1.1848319999999999
5,909,1,1385.949585,2516.487793,0.5507479999999999
5,910,0,1611.1641849999999,2136.272217,0.7541939999999999
5,910,1,1377.467407,1675.727783,0.822011
5,911,0,1807.8524170000003,3099.055908,0.583356
5,911,1,749.9074099999999,712.944092,1.0518459999999998
5,912,0,1662.1154789999998,3460.195557,0.480353
5,912,1,308.033386,351.804443,0.8755809999999999
5,913,0,1413.967285,1314.1721189999998,1.0759379999999998
5,913,1,1510.311279,2497.8278809999997,0.60465
5,914,0,1478.845947,2715.8479,0.544525
5,914,1,1313.180054,1096.1521,1.197991
5,915,0,1232.1777339999999,1693.323364,0.727668
5,915,1,1547.049316,2118.6767579999996,0.730196
5,916,0,379.844635,368.15640299999995,1.0317479999999999
5,916,1,1631.876587,3443.843506,0.47385299999999997
5,917,0,1469.101807,2240.463623,0.655713
5,917,1,1604.645874,1571.536377,1.021068
5,918,0,1456.884155,2456.483154,0.5930770000000001
5,918,1,1174.169312,1355.516724,0.866215
5,919,0,1389.331543,2305.646729,0.602578
5,919,1,1676.486084,1506.353638,1.112943
5,920,0,88.244034,139.316452,0.6334069999999999
5,920,1,1244.897949,3672.6835939999996,0.338961
5,921,0,1662.437134,2095.449951,0.7933560000000001
5,921,1,1457.946289,1716.550049,0.849347
5,922,0,1619.68103,2379.564453,0.680663
5,922,1,1550.4219970000001,1432.435425,1.082368
5,923,0,1526.317017,1446.703491,1.055031
5,923,1,1496.18811,2365.2963870000003,0.632558
5,924,0,1551.611206,1939.8125,0.7998770000000001
5,924,1,1578.58667,1872.187256,0.8431780000000001
5,925,0,1813.9907230000001,1713.422363,1.058694
5,925,1,1252.532227,2098.5776370000003,0.5968479999999999
5,926,0,35.934364,25.506560999999998,1.408828
5,926,1,1719.074707,3786.493652,0.454002
5,927,0,1611.971802,2155.647705,0.74779
5,927,1,1753.613403,1656.352051,1.05872
5,928,0,1458.12085,1694.018921,0.8607469999999999
5,928,1,1384.390625,2117.980957,0.653637
5,929,0,761.856628,788.026855,0.9667899999999999
5,929,1,1480.014038,3023.973389,0.48942700000000006
5,930,0,1440.113159,1917.0271,0.7512220000000001
5,930,1,1752.0090329999998,1894.972778,0.9245559999999999
5,931,0,1373.0527339999999,1192.774414,1.151142
5,931,1,1587.102539,2619.22583,0.605943
5,932,0,1452.375854,1317.7032470000001,1.102203
5,932,1,1654.7126460000002,2494.296875,0.6633979999999999
5,933,0,315.451355,450.879608,0.699635
5,933,1,1611.883057,3361.1201170000004,0.479567
5,934,0,1659.773193,2504.1567379999997,0.6628069999999999
5,934,1,1471.65625,1307.843384,1.125254
5,935,0,1362.4960939999999,1854.920166,0.734531
5,935,1,1562.498535,1957.079834,0.798383
5,936,0,1633.501709,3135.6877440000003,0.520939
5,936,1,778.340332,676.3123780000001,1.150859
5,937,0,1599.2758789999998,2130.527832,0.750648
5,937,1,1223.7807619999999,1681.472412,0.727803
5,938,0,1433.996826,1949.4000239999998,0.7356090000000001
5,938,1,1432.334595,1862.5999760000002,0.768997
5,939,0,527.470398,552.601013,0.954523
5,939,1,1859.074219,3259.39917,0.5703729999999999
5,940,0,704.3457030000001,756.387085,0.9311969999999999
5,940,1,1394.07959,3055.612793,0.456236
5,941,0,1630.061523,1906.031372,0.8552120000000001
5,941,1,1136.790039,1905.96875,0.596437
5,942,0,1265.463135,2342.1801760000003,0.540293
5,942,1,1677.5664060000001,1469.819702,1.141342
5,943,0,1544.1719970000001,1947.94873,0.792717
5,943,1,1666.402466,1864.05127,0.893968
5,944,0,328.715881,448.456116,0.732995
5,944,1,1678.3177489999998,3363.5437009999996,0.49897299999999994
5,945,0,1823.590088,2031.804321,0.897523
5,945,1,1552.723267,1780.195435,0.8722209999999999
5,946,0,1489.075439,2936.868652,0.5070279999999999
5,946,1,860.6688230000001,875.1314699999999,0.983474
5,947,0,1848.932495,2619.158447,0.705926
5,947,1,1321.153442,1192.841553,1.107568
5,948,0,1630.976807,2730.845215,0.597242
5,948,1,1141.143677,1081.155273,1.055485
5,949,0,1508.236694,1269.0783689999998,1.18845
5,949,1,1547.2147220000002,2542.9213870000003,0.60844
5,950,0,1595.2561039999998,2742.280518,0.5817260000000001
5,950,1,1125.638306,1069.719482,1.052274
5,951,0,737.100769,729.442322,1.010499
5,951,1,1401.928589,3082.5576170000004,0.454794
5,952,0,240.157944,236.54959100000002,1.015254
5,952,1,1757.2827149999998,3575.4501950000003,0.491486
5,953,0,1874.7722170000002,2887.319336,0.649312
5,953,1,1064.792725,924.680542,1.151525
5,954,0,1385.4920650000001,1455.829102,0.951686
5,954,1,1637.192383,2356.170898,0.6948529999999999
5,955,0,1646.432373,3433.86084,0.47947
5,955,1,340.399811,378.138977,0.9001979999999999
5,956,0,1632.787964,2093.935791,0.77977
5,956,1,1335.185791,1718.0643309999998,0.777145
5,957,0,1398.967896,1462.861938,0.9563229999999999
5,957,1,1641.575195,2349.137939,0.698799
5,958,0,1210.92627,1982.867432,0.610695
5,958,1,1661.091309,1829.132568,0.9081309999999999
5,959,0,1538.723389,1424.551025,1.0801459999999998
5,959,1,1293.93396,2387.448975,0.5419729999999999
5,960,0,1651.3573,2605.383789,0.633825
5,960,1,1439.8066410000001,1206.616333,1.19326
5,961,0,304.04361,416.073853,0.730744
5,961,1,1570.939331,3395.9262700000004,0.462595
5,962,0,1691.579834,2255.333984,0.750035
5,962,1,1150.979858,1556.6660160000001,0.739388
5,963,0,1891.471436,3520.4724119999996,0.5372779999999999
5,963,1,256.479675,291.527588,0.8797780000000001
5,964,0,1292.289307,1194.791138,1.081603
5,964,1,1692.796021,2617.20874,0.646794
5,965,0,23.372345000000003,27.83313,0.8397309999999999
5,965,1,1796.849243,3784.1667479999996,0.47483400000000003
5,966,0,1722.9198,1688.984131,1.020092
5,966,1,1625.9897460000002,2123.0158690000003,0.765887
5,967,0,434.525391,496.091766,0.8758969999999999
5,967,1,1744.273926,3315.907959,0.5260319999999999
5,968,0,1348.063843,2935.770996,0.459186
5,968,1,1016.9176640000001,876.2292480000001,1.160561
5,969,0,1540.00708,1359.5157470000001,1.1327610000000001
5,969,1,1264.361938,2452.484375,0.5155430000000001
5,970,0,1842.841675,2686.517822,0.685959
5,970,1,1210.5271,1125.482056,1.0755629999999998
5,971,0,1640.3811039999998,2427.9169920000004,0.675633
5,971,1,1298.3647460000002,1384.083008,0.938069
5,972,0,1675.981201,2348.2229,0.713723
5,972,1,1581.692383,1463.7773439999999,1.080555
5,973,0,1421.399292,1471.5219730000001,0.965938
5,973,1,1522.522217,2340.477783,0.650518
5,974,0,1348.999268,1602.133179,0.842002
5,974,1,1665.417725,2209.866943,0.753628
5,975,0,1486.527832,1376.058105,1.08028
5,975,1,1543.445923,2435.941895,0.633614
5,976,0,1639.5405269999999,1910.952148,0.8579700000000001
5,976,1,1222.391357,1901.047852,0.643009
5,977,0,1439.669678,1361.31189,1.05756
5,977,1,1619.432739,2450.688232,0.6608069999999999
5,978,0,1363.919922,1471.544922,0.9268629999999999
5,978,1,1526.817627,2340.454834,0.652359
5,979,0,1389.575317,1220.170166,1.138837
5,979,1,1673.935303,2591.82959,0.6458510000000001
5,980,0,1587.143799,3585.767578,0.44262299999999993
5,980,1,68.14245600000001,226.232361,0.301206
5,981,0,1534.745361,1800.844116,0.8522370000000001
5,981,1,1546.003052,2011.155762,0.768714
5,982,0,1487.918701,2455.288086,0.606006
5,982,1,1579.825195,1356.712036,1.1644510000000001
5,983,0,1056.533081,967.151001,1.0924180000000001
5,983,1,1539.063477,2844.848877,0.541
5,984,0,1925.531982,3169.657715,0.6074890000000001
5,984,1,597.3927610000001,642.3424679999999,0.9300219999999999
5,985,0,53.894291,32.549057,1.655787
5,985,1,1640.346802,3779.450928,0.434017
5,986,0,1426.158447,1615.2030029999999,0.882959
5,986,1,1419.869019,2196.7973629999997,0.646336
5,987,0,1524.4139400000001,1661.473389,0.917507
5,987,1,1423.6134029999998,2150.526611,0.661984
5,988,0,1460.9921880000002,1566.344116,0.93274
5,988,1,1610.9530029999999,2245.6557620000003,0.717364
5,989,0,1347.67395,1664.9182130000002,0.809454
5,989,1,1514.365356,2147.082031,0.705313
5,990,0,1416.145874,1838.626221,0.77022
5,990,1,1542.829102,1973.3739010000002,0.7818229999999999
5,991,0,1364.597046,3389.919678,0.402546
5,991,1,504.337952,422.080353,1.1948860000000001
5,992,0,1337.211914,2689.344482,0.497226
5,992,1,1255.201782,1122.655518,1.1180649999999999
5,993,0,1438.284668,1312.487915,1.0958459999999999
5,993,1,1189.796875,2499.512207,0.476012
5,994,0,1759.8496089999999,3135.587891,0.56125
5,994,1,608.008606,676.4121700000001,0.8988729999999999
5,995,0,1582.128296,1979.723267,0.7991659999999999
5,995,1,1493.123413,1832.276611,0.814901
5,996,0,1718.1350100000002,3294.62207,0.521497
5,996,1,493.80602999999996,517.37793,0.95444
5,997,0,1582.6446529999998,3729.3881840000004,0.424371
5,997,1,114.59606200000002,82.61200699999999,1.38716
5,998,0,1234.197632,1029.9057619999999,1.19836
5,998,1,1567.595947,2782.094482,0.563459
5,999,0,1330.925659,1314.481934,1.01251
5,999,1,1604.829102,2497.517822,0.64257
