0 , 1922.048584 , 1889.951294 
 1 , 2656.566895 , 1155.432861 
 2 , 1462.926758 , 2349.073242 
 3 , 1057.484985 , 2754.515137 
 4 , 3736.596924 , 75.403137 
 5 , 3467.971680 , 344.028320 
 6 , 1841.722412 , 1970.277832 
 7 , 3363.353271 , 448.646606 
 8 , 2950.753174 , 861.246887 
 9 , 1297.691406 , 2514.308838 
 10 , 1662.064331 , 2149.935791 
 11 , 1981.066040 , 1830.933960 
 12 , 939.531189 , 2872.468750 
 13 , 3652.713135 , 159.286697 
 14 , 2384.330322 , 1427.669922 
 15 , 3619.215820 , 192.784225 
 16 , 1358.660767 , 2453.339355 
 17 , 2837.301514 , 974.698547 
 18 , 1343.218628 , 2468.781494 
 19 , 1116.638916 , 2695.361084 
 20 , 1808.164917 , 2003.834961 
 21 , 1259.538452 , 2552.461670 
 22 , 1414.031860 , 2397.968018 
 23 , 976.513123 , 2835.487061 
 24 , 1592.294556 , 2219.705566 
 25 , 2958.571045 , 853.429016 
 26 , 2697.946533 , 1114.053589 
 27 , 159.612961 , 3652.387207 
 28 , 1170.150879 , 2641.848877 
 29 , 867.575012 , 2944.424805 
 30 , 1992.981812 , 1819.018188 
 31 , 1889.304077 , 1922.695923 
 32 , 719.850647 , 3092.149414 
 33 , 1774.949463 , 2037.050659 
 34 , 2318.958740 , 1493.041016 
 35 , 1871.712524 , 1940.287354 
 36 , 2089.026123 , 1722.973877 
 37 , 686.552307 , 3125.447754 
 38 , 2399.788574 , 1412.211548 
 39 , 2468.177490 , 1343.822754 
 40 , 845.030701 , 2966.969238 
 41 , 2234.427002 , 1577.572998 
 42 , 247.318069 , 3564.681885 
 43 , 3344.153320 , 467.846588 
 44 , 391.885345 , 3420.114746 
 45 , 3375.852783 , 436.147339 
 46 , 2226.004150 , 1585.995972 
 47 , 366.006439 , 3445.993408 
 48 , 2359.316162 , 1452.683960 
 49 , 2660.069824 , 1151.930054 
 50 , 2873.595459 , 938.404358 
 51 , 2335.524170 , 1476.476196 
 52 , 2001.231567 , 1810.768188 
 53 , 2196.172607 , 1615.827637 
 54 , 1228.601929 , 2583.398193 
 55 , 1715.111450 , 2096.888672 
 56 , 3491.273193 , 320.726746 
 57 , 3330.680908 , 481.319214 
 58 , 1547.247559 , 2264.752197 
 59 , 1467.392578 , 2344.607666 
 60 , 3493.441650 , 318.558655 
 61 , 1868.845825 , 1943.154175 
 62 , 1780.943237 , 2031.056641 
 63 , 3361.623779 , 450.376373 
 64 , 1878.862671 , 1933.137451 
 65 , 2380.464355 , 1431.535645 
 66 , 1300.364258 , 2511.635742 
 67 , 2785.441162 , 1026.559204 
 68 , 2050.917480 , 1761.082886 
 69 , 1949.562134 , 1862.437744 
 70 , 2051.283936 , 1760.715942 
 71 , 2580.467041 , 1231.532959 
 72 , 1719.898926 , 2092.101318 
 73 , 179.067276 , 3632.932861 
 74 , 1553.580688 , 2258.419189 
 75 , 2427.727295 , 1384.272827 
 76 , 2450.307129 , 1361.692749 
 77 , 1278.194946 , 2533.804932 
 78 , 2029.897583 , 1782.102539 
 79 , 3050.320801 , 761.679077 
 80 , 1022.270386 , 2789.729736 
 81 , 1961.722534 , 1850.277466 
 82 , 805.484131 , 3006.515869 
 83 , 1834.849243 , 1977.150879 
 84 , 1852.416870 , 1959.583008 
 85 , 2289.217285 , 1522.782715 
 86 , 791.074707 , 3020.925293 
 87 , 1969.334595 , 1842.665405 
 88 , 2489.841797 , 1322.158081 
 89 , 3355.599121 , 456.400665 
 90 , 684.615540 , 3127.384521 
 91 , 2193.536865 , 1618.463257 
 92 , 3327.006836 , 484.993011 
 93 , 1535.849121 , 2276.151123 
 94 , 3567.596680 , 244.403122 
 95 , 1684.214233 , 2127.785645 
 96 , 66.067741 , 3745.932373 
 97 , 3475.090088 , 336.909851 
 98 , 2774.062744 , 1037.937134 
 99 , 1845.327026 , 1966.672974 
 100 , 2673.603271 , 1138.396606 
 101 , 747.480225 , 3064.519531 
 102 , 1458.487305 , 2353.512695 
 103 , 1516.439087 , 2295.560791 
 104 , 566.852600 , 3245.147217 
 105 , 1378.239502 , 2433.760742 
 106 , 525.826538 , 3286.173340 
 107 , 2949.624512 , 862.375610 
 108 , 2658.800537 , 1153.199585 
 109 , 2345.367920 , 1466.631714 
 110 , 2628.994385 , 1183.005615 
 111 , 1359.976440 , 2452.023682 
 112 , 2358.593506 , 1453.406372 
 113 , 1387.954224 , 2424.046143 
 114 , 1598.505249 , 2213.494873 
 115 , 2432.486572 , 1379.513428 
 116 , 2028.998535 , 1783.001343 
 117 , 1842.994141 , 1969.005737 
 118 , 2096.109863 , 1715.890015 
 119 , 1701.328613 , 2110.671387 
 120 , 1641.182495 , 2170.817627 
 121 , 1354.359131 , 2457.640869 
 122 , 1239.703247 , 2572.296387 
 123 , 2363.092285 , 1448.907715 
 124 , 2537.308105 , 1274.692017 
 125 , 1927.744995 , 1884.255127 
 126 , 1146.922852 , 2665.076904 
 127 , 2498.355225 , 1313.644897 
 128 , 2045.010254 , 1766.989746 
 129 , 3698.820313 , 113.179611 
 130 , 1913.335693 , 1898.664063 
 131 , 463.517090 , 3348.482910 
 132 , 2130.817139 , 1681.183105 
 133 , 3144.201172 , 667.798584 
 134 , 1937.068115 , 1874.932007 
 135 , 299.569366 , 3512.430664 
 136 , 628.116272 , 3183.884033 
 137 , 1268.095215 , 2543.904785 
 138 , 458.338074 , 3353.661865 
 139 , 592.199097 , 3219.801025 
 140 , 1657.859741 , 2154.139893 
 141 , 584.321838 , 3227.677979 
 142 , 1888.289795 , 1923.710083 
 143 , 2463.885010 , 1348.115234 
 144 , 1916.552246 , 1895.447998 
 145 , 2852.908203 , 959.091797 
 146 , 2092.969971 , 1719.029907 
 147 , 1862.314697 , 1949.685547 
 148 , 1707.549072 , 2104.450684 
 149 , 60.876671 , 3751.123291 
 150 , 3370.332031 , 441.668091 
 151 , 929.100342 , 2882.899658 
 152 , 1696.620361 , 2115.379883 
 153 , 2818.662109 , 993.337769 
 154 , 325.459442 , 3486.540527 
 155 , 3340.530762 , 471.469421 
 156 , 1188.291748 , 2623.708008 
 157 , 3145.369873 , 666.630188 
 158 , 1154.937500 , 2657.062988 
 159 , 602.656982 , 3209.343262 
 160 , 2529.018066 , 1282.982056 
 161 , 2493.029053 , 1318.970703 
 162 , 1113.795288 , 2698.204834 
 163 , 2050.336182 , 1761.663818 
 164 , 1974.217407 , 1837.782837 
 165 , 1967.142700 , 1844.857300 
 166 , 258.677185 , 3553.322754 
 167 , 1733.786987 , 2078.212891 
 168 , 2507.114746 , 1304.885010 
 169 , 1606.844360 , 2205.155762 
 170 , 1327.754150 , 2484.246094 
 171 , 1632.080688 , 2179.919189 
 172 , 1194.728760 , 2617.270996 
 173 , 2264.610840 , 1547.389038 
 174 , 1882.040527 , 1929.959351 
 175 , 1976.225586 , 1835.774536 
 176 , 3092.719971 , 719.280090 
 177 , 558.298340 , 3253.701660 
 178 , 2852.231934 , 959.768188 
 179 , 1833.151978 , 1978.847900 
 180 , 3180.862549 , 631.137451 
 181 , 1630.322144 , 2181.677490 
 182 , 702.895081 , 3109.104980 
 183 , 1659.758179 , 2152.241943 
 184 , 3091.628174 , 720.371643 
 185 , 2264.642090 , 1547.358032 
 186 , 985.562683 , 2826.437500 
 187 , 1221.765503 , 2590.234619 
 188 , 1621.801392 , 2190.198242 
 189 , 1625.576660 , 2186.423340 
 190 , 3273.754639 , 538.245300 
 191 , 1226.935425 , 2585.064697 
 192 , 2927.663818 , 884.336060 
 193 , 2124.786377 , 1687.213867 
 194 , 2185.776123 , 1626.223877 
 195 , 2453.035645 , 1358.964478 
 196 , 2410.894043 , 1401.105835 
 197 , 1090.742554 , 2721.257813 
 198 , 1736.511841 , 2075.488037 
 199 , 3326.194580 , 485.805450 
 200 , 1955.164917 , 1856.834961 
 201 , 2314.866699 , 1497.133423 
 202 , 529.108887 , 3282.891113 
 203 , 2035.555786 , 1776.444336 
 204 , 2673.898193 , 1138.101807 
 205 , 16.812996 , 3795.186768 
 206 , 1969.458496 , 1842.541626 
 207 , 229.496780 , 3582.503174 
 208 , 3487.199219 , 324.800964 
 209 , 2196.516113 , 1615.483887 
 210 , 2110.907959 , 1701.092041 
 211 , 2193.057861 , 1618.942017 
 212 , 2718.110840 , 1093.889404 
 213 , 1489.324707 , 2322.675293 
 214 , 2154.929443 , 1657.070679 
 215 , 2089.933105 , 1722.066895 
 216 , 2831.452637 , 980.547485 
 217 , 2175.687500 , 1636.312500 
 218 , 371.806030 , 3440.194092 
 219 , 265.326294 , 3546.673828 
 220 , 1270.194824 , 2541.805176 
 221 , 612.987183 , 3199.012695 
 222 , 1921.039185 , 1890.960693 
 223 , 2576.480225 , 1235.519531 
 224 , 1397.225830 , 2414.774170 
 225 , 2110.559570 , 1701.440430 
 226 , 478.181030 , 3333.818848 
 227 , 1827.335449 , 1984.664551 
 228 , 988.056274 , 2823.943848 
 229 , 2315.087158 , 1496.912598 
 230 , 669.079712 , 3142.920166 
 231 , 1137.948364 , 2674.051758 
 232 , 942.032715 , 2869.967285 
 233 , 587.802490 , 3224.197510 
 234 , 2194.892822 , 1617.106934 
 235 , 1490.970581 , 2321.029541 
 236 , 1846.810791 , 1965.189209 
 237 , 1693.840332 , 2118.159424 
 238 , 3706.617432 , 105.382591 
 239 , 2106.373047 , 1705.626953 
 240 , 1958.567749 , 1853.432251 
 241 , 10.616753 , 3801.383301 
 242 , 2505.554443 , 1306.445679 
 243 , 1917.979614 , 1894.020508 
 244 , 3235.883301 , 576.116699 
 245 , 861.169800 , 2950.830078 
 246 , 3730.978027 , 81.022026 
 247 , 2564.708496 , 1247.291382 
 248 , 1373.048828 , 2438.950928 
 249 , 3113.771484 , 698.228638 
 250 , 3774.333740 , 37.666309 
 251 , 2592.087646 , 1219.912598 
 252 , 841.959045 , 2970.041016 
 253 , 1678.136108 , 2133.864014 
 254 , 2953.796875 , 858.203064 
 255 , 3737.201172 , 74.798897 
 256 , 1686.313965 , 2125.685791 
 257 , 2306.545410 , 1505.454224 
 258 , 1971.956055 , 1840.043945 
 259 , 2920.449463 , 891.550476 
 260 , 1303.790161 , 2508.209717 
 261 , 2706.899170 , 1105.100830 
 262 , 683.230225 , 3128.769775 
 263 , 1691.681519 , 2120.318359 
 264 , 2033.201294 , 1778.798706 
 265 , 3737.926270 , 74.073738 
 266 , 3389.693848 , 422.305939 
 267 , 1677.897461 , 2134.102539 
 268 , 643.456848 , 3168.543213 
 269 , 2533.175049 , 1278.825073 
 270 , 2224.107910 , 1587.892090 
 271 , 1729.287476 , 2082.712402 
 272 , 2557.526123 , 1254.473999 
 273 , 1443.301392 , 2368.698486 
 274 , 2690.465576 , 1121.534546 
 275 , 1352.814453 , 2459.185547 
 276 , 2244.916748 , 1567.083130 
 277 , 1815.272339 , 1996.727661 
 278 , 2931.145996 , 880.854004 
 279 , 2859.556885 , 952.443115 
 280 , 87.412888 , 3724.586914 
 281 , 2180.193115 , 1631.806763 
 282 , 2278.269287 , 1533.730469 
 283 , 2995.702637 , 816.297241 
 284 , 2208.593994 , 1603.406006 
 285 , 1454.651733 , 2357.348389 
 286 , 1404.320923 , 2407.678955 
 287 , 1794.434692 , 2017.565186 
 288 , 2797.382080 , 1014.617859 
 289 , 1401.044922 , 2410.955078 
 290 , 1829.319336 , 1982.680664 
 291 , 69.367859 , 3742.632080 
 292 , 3335.320313 , 476.679810 
 293 , 778.664673 , 3033.335449 
 294 , 3119.639404 , 692.360779 
 295 , 2460.118164 , 1351.881836 
 296 , 399.951996 , 3412.048096 
 297 , 2969.947998 , 842.052185 
 298 , 810.772583 , 3001.227783 
 299 , 1679.879272 , 2132.120605 
 300 , 1324.264771 , 2487.735107 
 301 , 628.560425 , 3183.439453 
 302 , 2496.945313 , 1315.054565 
 303 , 1351.911255 , 2460.088867 
 304 , 1875.160034 , 1936.840088 
 305 , 2444.365234 , 1367.634644 
 306 , 826.868225 , 2985.131836 
 307 , 1872.777466 , 1939.222534 
 308 , 2678.183350 , 1133.816895 
 309 , 238.339508 , 3573.660645 
 310 , 1241.943115 , 2570.056885 
 311 , 1898.680298 , 1913.319702 
 312 , 939.269104 , 2872.730957 
 313 , 1177.748779 , 2634.251221 
 314 , 1850.292480 , 1961.707397 
 315 , 1716.489502 , 2095.510742 
 316 , 1730.877197 , 2081.123047 
 317 , 1869.622681 , 1942.377197 
 318 , 1756.077637 , 2055.922363 
 319 , 2045.946411 , 1766.053589 
 320 , 63.674767 , 3748.325439 
 321 , 3266.175537 , 545.824402 
 322 , 1589.709229 , 2222.290527 
 323 , 2751.913086 , 1060.086792 
 324 , 234.554474 , 3577.445557 
 325 , 2037.860107 , 1774.139771 
 326 , 56.653183 , 3755.346924 
 327 , 2303.657227 , 1508.342773 
 328 , 3566.951660 , 245.048294 
 329 , 3776.255371 , 35.744835 
 330 , 2939.504883 , 872.495056 
 331 , 414.293732 , 3397.706299 
 332 , 2563.643799 , 1248.356079 
 333 , 1747.273315 , 2064.726807 
 334 , 1311.378052 , 2500.622070 
 335 , 2574.852051 , 1237.147949 
 336 , 1837.710327 , 1974.289917 
 337 , 2049.704102 , 1762.296143 
 338 , 100.178787 , 3711.821289 
 339 , 2700.734619 , 1111.265259 
 340 , 2897.459229 , 914.540771 
 341 , 2086.560547 , 1725.439697 
 342 , 1317.455078 , 2494.545166 
 343 , 1299.242554 , 2512.757324 
 344 , 905.687256 , 2906.312988 
 345 , 2306.179688 , 1505.820435 
 346 , 2095.571777 , 1716.428467 
 347 , 2280.865967 , 1531.133911 
 348 , 447.924194 , 3364.075928 
 349 , 2146.475342 , 1665.524658 
 350 , 1407.383789 , 2404.616211 
 351 , 480.801636 , 3331.198486 
 352 , 1851.743164 , 1960.256958 
 353 , 2236.586182 , 1575.413940 
 354 , 779.719971 , 3032.280029 
 355 , 2109.975586 , 1702.024292 
 356 , 2780.100098 , 1031.899780 
 357 , 1449.878418 , 2362.121582 
 358 , 3577.266846 , 234.733353 
 359 , 2126.524170 , 1685.475586 
 360 , 2392.359619 , 1419.640381 
 361 , 2280.801514 , 1531.198364 
 362 , 837.410889 , 2974.589111 
 363 , 1253.672119 , 2558.328125 
 364 , 2891.548340 , 920.451477 
 365 , 3800.305420 , 11.694454 
 366 , 3429.772705 , 382.227448 
 367 , 1752.021484 , 2059.978271 
 368 , 2080.897217 , 1731.102905 
 369 , 690.751099 , 3121.248779 
 370 , 1919.420898 , 1892.579102 
 371 , 2711.252197 , 1100.747803 
 372 , 2089.827393 , 1722.172363 
 373 , 2931.111572 , 880.888245 
 374 , 610.995422 , 3201.004639 
 375 , 949.181641 , 2862.818359 
 376 , 1154.634888 , 2657.364990 
 377 , 1639.756592 , 2172.243408 
 378 , 799.065613 , 3012.934326 
 379 , 2163.167236 , 1648.832764 
 380 , 1295.495117 , 2516.504883 
 381 , 1171.998413 , 2640.001709 
 382 , 2805.312744 , 1006.687012 
 383 , 944.183716 , 2867.816162 
 384 , 1994.060669 , 1817.939331 
 385 , 2666.328125 , 1145.671753 
 386 , 2463.149170 , 1348.850708 
 387 , 2157.288330 , 1654.711548 
 388 , 1920.039795 , 1891.960205 
 389 , 1244.009155 , 2567.990723 
 390 , 2494.885010 , 1317.114990 
 391 , 2135.607666 , 1676.392334 
 392 , 3653.908691 , 158.091324 
 393 , 1817.297485 , 1994.702759 
 394 , 2554.966553 , 1257.033569 
 395 , 1320.256104 , 2491.743896 
 396 , 2121.197021 , 1690.802979 
 397 , 1240.972046 , 2571.028076 
 398 , 1363.702271 , 2448.297852 
 399 , 3543.964355 , 268.035492 
 400 , 2623.791992 , 1188.208130 
 401 , 2884.741699 , 927.258240 
 402 , 2434.887939 , 1377.111816 
 403 , 2265.916992 , 1546.083374 
 404 , 2515.460449 , 1296.539795 
 405 , 1568.830811 , 2243.168945 
 406 , 1761.199951 , 2050.799805 
 407 , 1126.023926 , 2685.975830 
 408 , 653.307434 , 3158.692627 
 409 , 1826.846680 , 1985.153198 
 410 , 2469.829834 , 1342.170410 
 411 , 3695.037842 , 116.962059 
 412 , 869.794861 , 2942.205078 
 413 , 284.352875 , 3527.647217 
 414 , 3464.361328 , 347.638763 
 415 , 2228.512207 , 1583.487793 
 416 , 2348.332520 , 1463.667358 
 417 , 1916.393555 , 1895.606689 
 418 , 1412.728882 , 2399.270996 
 419 , 3147.713379 , 664.286621 
 420 , 1695.926758 , 2116.073486 
 421 , 2957.086182 , 854.913635 
 422 , 2417.605957 , 1394.393921 
 423 , 3283.995117 , 528.005005 
 424 , 1564.699585 , 2247.300781 
 425 , 1330.034424 , 2481.965576 
 426 , 833.031921 , 2978.968262 
 427 , 2956.178467 , 855.821594 
 428 , 1890.389648 , 1921.610352 
 429 , 1790.005249 , 2021.994995 
 430 , 2046.721680 , 1765.278320 
 431 , 1484.758179 , 2327.241699 
 432 , 713.580811 , 3098.419189 
 433 , 896.621582 , 2915.378418 
 434 , 1844.552002 , 1967.447998 
 435 , 1488.009521 , 2323.990479 
 436 , 355.872437 , 3456.127686 
 437 , 918.940063 , 2893.059814 
 438 , 829.344788 , 2982.655273 
 439 , 1688.938354 , 2123.061523 
 440 , 2045.390381 , 1766.609375 
 441 , 2479.098877 , 1332.901001 
 442 , 1872.464966 , 1939.535156 
 443 , 780.262939 , 3031.737061 
 444 , 769.802368 , 3042.197510 
 445 , 1841.671143 , 1970.328857 
 446 , 3387.376709 , 424.623077 
 447 , 2906.891357 , 905.108459 
 448 , 1616.026733 , 2195.973145 
 449 , 3280.137939 , 531.862366 
 450 , 1715.872559 , 2096.127441 
 451 , 1402.930664 , 2409.069336 
 452 , 3032.463379 , 779.536743 
 453 , 596.212158 , 3215.787842 
 454 , 2331.209473 , 1480.790405 
 455 , 3251.006836 , 560.992859 
 456 , 645.670776 , 3166.329346 
 457 , 2788.930176 , 1023.070007 
 458 , 1625.550537 , 2186.449219 
 459 , 1581.589355 , 2230.410645 
 460 , 1743.879150 , 2068.120605 
 461 , 2483.384766 , 1328.615479 
 462 , 1629.208374 , 2182.791748 
 463 , 921.619324 , 2890.380859 
 464 , 3243.427246 , 568.572876 
 465 , 3467.223877 , 344.776184 
 466 , 3072.710449 , 739.289490 
 467 , 199.425873 , 3612.573975 
 468 , 1832.110840 , 1979.889160 
 469 , 1322.119507 , 2489.880371 
 470 , 2630.777344 , 1181.222656 
 471 , 1788.685913 , 2023.314331 
 472 , 2026.508667 , 1785.491333 
 473 , 1391.387207 , 2420.612549 
 474 , 2049.781982 , 1762.218140 
 475 , 685.099487 , 3126.900391 
 476 , 1599.471802 , 2212.528320 
 477 , 1987.156372 , 1824.843872 
 478 , 2894.673340 , 917.326782 
 479 , 1358.838501 , 2453.161621 
 480 , 3446.739746 , 365.260040 
 481 , 1929.615845 , 1882.384155 
 482 , 1639.719849 , 2172.280029 
 483 , 1515.756592 , 2296.243408 
 484 , 2220.721436 , 1591.278931 
 485 , 1553.973999 , 2258.026123 
 486 , 699.178955 , 3112.821289 
 487 , 2731.079102 , 1080.921021 
 488 , 2014.806152 , 1797.193848 
 489 , 1912.619751 , 1899.380249 
 490 , 2150.490479 , 1661.509277 
 491 , 2410.150146 , 1401.849854 
 492 , 1804.775024 , 2007.224976 
 493 , 1730.542358 , 2081.457764 
 494 , 1993.774292 , 1818.225586 
 495 , 1095.113281 , 2716.886719 
 496 , 3317.910645 , 494.089508 
 497 , 1837.057983 , 1974.942261 
 498 , 2517.918457 , 1294.081665 
 499 , 1712.451782 , 2099.547852 
 500 , 2753.185059 , 1058.814941 
 501 , 1922.394409 , 1889.605957 
 502 , 2269.635742 , 1542.364014 
 503 , 2664.100586 , 1147.899048 
 504 , 2489.108398 , 1322.891479 
 505 , 46.424450 , 3765.575439 
 506 , 1138.396851 , 2673.603027 
 507 , 1214.198242 , 2597.801758 
 508 , 1337.512451 , 2474.487793 
 509 , 1910.648560 , 1901.351440 
 510 , 1295.443359 , 2516.556885 
 511 , 1772.531616 , 2039.468262 
 512 , 1960.437622 , 1851.562378 
 513 , 1576.475952 , 2235.524170 
 514 , 2435.982910 , 1376.017090 
 515 , 809.140442 , 3002.859375 
 516 , 839.482239 , 2972.517578 
 517 , 1473.705811 , 2338.294189 
 518 , 484.292358 , 3327.707520 
 519 , 366.403137 , 3445.596924 
 520 , 1633.457031 , 2178.543213 
 521 , 236.657669 , 3575.342529 
 522 , 773.088379 , 3038.911621 
 523 , 805.596680 , 3006.403076 
 524 , 3067.445801 , 744.554443 
 525 , 3079.044678 , 732.955383 
 526 , 2589.568115 , 1222.431885 
 527 , 2418.439697 , 1393.560059 
 528 , 75.582680 , 3736.417236 
 529 , 1787.419312 , 2024.580688 
 530 , 592.926208 , 3219.073486 
 531 , 1888.651978 , 1923.347778 
 532 , 1542.406006 , 2269.594238 
 533 , 1966.400269 , 1845.599731 
 534 , 2699.168457 , 1112.831421 
 535 , 2616.527832 , 1195.472290 
 536 , 2892.344238 , 919.655579 
 537 , 2087.964600 , 1724.035645 
 538 , 2982.597656 , 829.402161 
 539 , 3483.691650 , 328.308167 
 540 , 766.680542 , 3045.319336 
 541 , 1549.488159 , 2262.511719 
 542 , 796.128479 , 3015.871582 
 543 , 3008.992188 , 803.007690 
 544 , 2019.467651 , 1792.532349 
 545 , 3790.199463 , 21.800480 
 546 , 2429.325195 , 1382.674561 
 547 , 1009.569946 , 2802.430420 
 548 , 1072.595093 , 2739.405029 
 549 , 1982.872437 , 1829.127686 
 550 , 2822.154785 , 989.845215 
 551 , 2512.956543 , 1299.043213 
 552 , 1340.642578 , 2471.357178 
 553 , 364.871033 , 3447.128906 
 554 , 2227.218994 , 1584.781006 
 555 , 3285.742920 , 526.257080 
 556 , 154.639389 , 3657.360596 
 557 , 2266.725586 , 1545.274170 
 558 , 615.731384 , 3196.268799 
 559 , 3300.041016 , 511.958771 
 560 , 2823.616211 , 988.383850 
 561 , 1095.590576 , 2716.409424 
 562 , 471.505005 , 3340.494873 
 563 , 2232.538818 , 1579.461182 
 564 , 1705.004761 , 2106.995117 
 565 , 2334.520996 , 1477.479004 
 566 , 2157.272461 , 1654.727295 
 567 , 2148.291748 , 1663.708252 
 568 , 2601.575439 , 1210.424561 
 569 , 2899.111084 , 912.889160 
 570 , 1874.386597 , 1937.613281 
 571 , 815.907776 , 2996.092041 
 572 , 2037.026489 , 1774.973511 
 573 , 2243.027344 , 1568.972534 
 574 , 3711.988037 , 100.012047 
 575 , 3250.060791 , 561.939148 
 576 , 1423.467773 , 2388.532227 
 577 , 76.657104 , 3735.342773 
 578 , 1849.384277 , 1962.615723 
 579 , 1563.699585 , 2248.300293 
 580 , 1260.000122 , 2552.000000 
 581 , 3126.031738 , 685.968201 
 582 , 1362.916504 , 2449.083740 
 583 , 2142.195801 , 1669.804199 
 584 , 1893.507935 , 1918.491943 
 585 , 980.371643 , 2831.628174 
 586 , 744.386658 , 3067.613281 
 587 , 3613.199951 , 198.799896 
 588 , 1502.115967 , 2309.884277 
 589 , 2757.752686 , 1054.247437 
 590 , 3073.231201 , 738.768860 
 591 , 1412.508057 , 2399.491699 
 592 , 1393.580200 , 2418.419678 
 593 , 95.589203 , 3716.410889 
 594 , 1920.500122 , 1891.499878 
 595 , 2833.623779 , 978.376221 
 596 , 1582.283325 , 2229.716553 
 597 , 3422.160156 , 389.839600 
 598 , 2173.593018 , 1638.406860 
 599 , 1479.800415 , 2332.199463 
 600 , 3437.651123 , 374.348999 
 601 , 1722.894531 , 2089.105469 
 602 , 2018.297363 , 1793.702637 
 603 , 1577.038696 , 2234.961182 
 604 , 1420.266113 , 2391.733887 
 605 , 2525.450195 , 1286.549561 
 606 , 2553.201660 , 1258.798584 
 607 , 1429.476318 , 2382.523682 
 608 , 3775.078857 , 36.921101 
 609 , 903.716980 , 2908.282959 
 610 , 2819.259766 , 992.740051 
 611 , 301.828156 , 3510.172119 
 612 , 1824.748901 , 1987.251099 
 613 , 2869.756104 , 942.243835 
 614 , 1429.280640 , 2382.719482 
 615 , 2447.697510 , 1364.302490 
 616 , 1149.069702 , 2662.930420 
 617 , 3669.795898 , 142.204086 
 618 , 2201.560059 , 1610.440063 
 619 , 1482.830688 , 2329.168945 
 620 , 272.050323 , 3539.949707 
 621 , 124.777649 , 3687.222412 
 622 , 3131.180908 , 680.819092 
 623 , 2686.503906 , 1125.496216 
 624 , 1656.129883 , 2155.870117 
 625 , 649.876770 , 3162.123291 
 626 , 1945.643799 , 1866.356201 
 627 , 2108.741211 , 1703.259033 
 628 , 2312.676025 , 1499.323730 
 629 , 2366.859131 , 1445.140869 
 630 , 101.446709 , 3710.553223 
 631 , 1824.348877 , 1987.650879 
 632 , 2009.314819 , 1802.685059 
 633 , 2909.618896 , 902.381104 
 634 , 903.538879 , 2908.461182 
 635 , 3642.990723 , 169.009216 
 636 , 1824.784180 , 1987.215820 
 637 , 2027.995850 , 1784.004150 
 638 , 2963.817139 , 848.182861 
 639 , 1894.811523 , 1917.188232 
 640 , 2288.331055 , 1523.668823 
 641 , 1957.213623 , 1854.786377 
 642 , 944.819397 , 2867.180420 
 643 , 1238.027100 , 2573.972900 
 644 , 2091.213867 , 1720.786011 
 645 , 2021.472168 , 1790.527832 
 646 , 725.394531 , 3086.605469 
 647 , 519.400269 , 3292.599609 
 648 , 2395.460938 , 1416.538818 
 649 , 752.645447 , 3059.354492 
 650 , 3368.518799 , 443.481445 
 651 , 1403.577148 , 2408.423096 
 652 , 2985.438232 , 826.561646 
 653 , 2510.442383 , 1301.557739 
 654 , 2465.537109 , 1346.462769 
 655 , 2307.104004 , 1504.895874 
 656 , 2813.512939 , 998.487122 
 657 , 1104.510010 , 2707.489990 
 658 , 2160.755859 , 1651.244019 
 659 , 3223.373047 , 588.626709 
 660 , 2886.972412 , 925.027466 
 661 , 2098.152100 , 1713.847778 
 662 , 2685.906494 , 1126.093262 
 663 , 2231.245850 , 1580.754395 
 664 , 2590.553223 , 1221.446533 
 665 , 101.412094 , 3710.587646 
 666 , 2935.099365 , 876.900452 
 667 , 289.550201 , 3522.449707 
 668 , 1723.935547 , 2088.064209 
 669 , 2479.205566 , 1332.794434 
 670 , 3015.093018 , 796.907288 
 671 , 2199.327881 , 1612.672485 
 672 , 106.770065 , 3705.229980 
 673 , 2115.285645 , 1696.714478 
 674 , 2091.415771 , 1720.584473 
 675 , 1806.568359 , 2005.431763 
 676 , 3242.230225 , 569.769348 
 677 , 2756.061279 , 1055.938721 
 678 , 2026.491455 , 1785.508667 
 679 , 1598.407104 , 2213.592773 
 680 , 2222.951660 , 1589.048340 
 681 , 2583.381348 , 1228.618652 
 682 , 2414.587646 , 1397.412476 
 683 , 1531.866211 , 2280.133789 
 684 , 2346.078613 , 1465.921509 
 685 , 834.114807 , 2977.885254 
 686 , 1515.166260 , 2296.833496 
 687 , 2397.610352 , 1414.389526 
 688 , 2641.583496 , 1170.416138 
 689 , 1937.343262 , 1874.656616 
 690 , 2487.360840 , 1324.639282 
 691 , 2313.771729 , 1498.228271 
 692 , 2474.585938 , 1337.414063 
 693 , 1687.844360 , 2124.155273 
 694 , 1450.058228 , 2361.941650 
 695 , 2196.056152 , 1615.943848 
 696 , 2886.414063 , 925.585876 
 697 , 361.477386 , 3450.522461 
 698 , 702.032471 , 3109.967529 
 699 , 3007.706787 , 804.293091 
 700 , 2365.415771 , 1446.584473 
 701 , 455.468079 , 3356.531982 
 702 , 2337.903320 , 1474.096436 
 703 , 1924.523560 , 1887.476318 
 704 , 788.706482 , 3023.293457 
 705 , 2055.393555 , 1756.606567 
 706 , 1119.644653 , 2692.355225 
 707 , 3369.731934 , 442.268005 
 708 , 2177.585449 , 1634.414307 
 709 , 2290.274902 , 1521.724976 
 710 , 3353.046631 , 458.953247 
 711 , 1825.506104 , 1986.493896 
 712 , 1154.582764 , 2657.417236 
 713 , 2111.556641 , 1700.443359 
 714 , 2479.732910 , 1332.267090 
 715 , 1527.201904 , 2284.798340 
 716 , 1864.489746 , 1947.510254 
 717 , 2307.449463 , 1504.550415 
 718 , 1425.804321 , 2386.195801 
 719 , 1916.726929 , 1895.272827 
 720 , 2136.558105 , 1675.441895 
 721 , 2066.335205 , 1745.664551 
 722 , 2893.794678 , 918.205444 
 723 , 550.597473 , 3261.402588 
 724 , 3604.979248 , 207.020737 
 725 , 1876.654175 , 1935.345825 
 726 , 2097.122803 , 1714.877197 
 727 , 231.896835 , 3580.103271 
 728 , 3283.771240 , 528.228699 
 729 , 2882.159180 , 929.840637 
 730 , 526.221863 , 3285.778076 
 731 , 2218.866211 , 1593.133911 
 732 , 1973.651245 , 1838.348877 
 733 , 786.799500 , 3025.200684 
 734 , 1281.453613 , 2530.546143 
 735 , 1699.835571 , 2112.164551 
 736 , 2710.750244 , 1101.249634 
 737 , 460.905151 , 3351.094727 
 738 , 1616.958740 , 2195.041016 
 739 , 1470.196289 , 2341.803711 
 740 , 3459.842041 , 352.157867 
 741 , 851.260925 , 2960.739014 
 742 , 1677.593140 , 2134.407227 
 743 , 1964.667603 , 1847.332642 
 744 , 3468.646484 , 343.353577 
 745 , 2249.660156 , 1562.339966 
 746 , 1662.964966 , 2149.034912 
 747 , 1955.880249 , 1856.119629 
 748 , 1583.580200 , 2228.420166 
 749 , 1618.787476 , 2193.212646 
 750 , 2171.767578 , 1640.232544 
 751 , 1599.381348 , 2212.618652 
 752 , 850.131775 , 2961.868164 
 753 , 224.241623 , 3587.758301 
 754 , 2252.007568 , 1559.992188 
 755 , 3735.258545 , 76.741379 
 756 , 2269.021240 , 1542.978760 
 757 , 1138.406250 , 2673.593750 
 758 , 1528.306519 , 2283.693359 
 759 , 2831.920654 , 980.079285 
 760 , 1910.782593 , 1901.217407 
 761 , 1180.187500 , 2631.812500 
 762 , 3687.543213 , 124.456703 
 763 , 2510.590820 , 1301.409302 
 764 , 2039.548218 , 1772.451538 
 765 , 3513.776367 , 298.223572 
 766 , 2117.798340 , 1694.201538 
 767 , 3361.378174 , 450.621918 
 768 , 974.694824 , 2837.305420 
 769 , 2370.123535 , 1441.876465 
 770 , 3175.990234 , 636.009949 
 771 , 1792.803467 , 2019.196655 
 772 , 1651.669434 , 2160.330566 
 773 , 2636.638184 , 1175.361938 
 774 , 2020.154053 , 1791.845947 
 775 , 1613.278442 , 2198.721924 
 776 , 1075.662231 , 2736.337646 
 777 , 1933.881958 , 1878.118042 
 778 , 1220.307495 , 2591.692627 
 779 , 2077.609131 , 1734.390625 
 780 , 2743.286621 , 1068.713501 
 781 , 599.139343 , 3212.860596 
 782 , 1333.602295 , 2478.397705 
 783 , 2416.843018 , 1395.157104 
 784 , 1812.696167 , 1999.303833 
 785 , 2031.179810 , 1780.820190 
 786 , 1394.165161 , 2417.834717 
 787 , 2770.900391 , 1041.099609 
 788 , 1690.886475 , 2121.113525 
 789 , 1428.143311 , 2383.856934 
 790 , 2350.252441 , 1461.747437 
 791 , 3470.679932 , 341.319946 
 792 , 775.323547 , 3036.676514 
 793 , 2496.844971 , 1315.155029 
 794 , 510.239990 , 3301.760010 
 795 , 2605.078613 , 1206.921631 
 796 , 2290.655518 , 1521.344482 
 797 , 801.074585 , 3010.925293 
 798 , 2364.019531 , 1447.980591 
 799 , 2724.995605 , 1087.004272 
 800 , 3279.978027 , 532.021912 
 801 , 1878.163330 , 1933.836548 
 802 , 1736.619385 , 2075.380615 
 803 , 2393.185547 , 1418.814453 
 804 , 1296.407471 , 2515.592285 
 805 , 3009.891602 , 802.108521 
 806 , 2101.233398 , 1710.766479 
 807 , 1623.472168 , 2188.527832 
 808 , 2957.161621 , 854.838562 
 809 , 2721.934814 , 1090.064819 
 810 , 3051.866943 , 760.132935 
 811 , 2528.539063 , 1283.461060 
 812 , 2021.834961 , 1790.165283 
 813 , 569.805359 , 3242.194580 
 814 , 2389.614014 , 1422.386108 
 815 , 1848.874268 , 1963.125854 
 816 , 2269.787354 , 1542.212524 
 817 , 289.432495 , 3522.567627 
 818 , 174.951065 , 3637.048828 
 819 , 1758.287964 , 2053.711914 
 820 , 620.668518 , 3191.331543 
 821 , 771.737427 , 3040.262695 
 822 , 2000.623779 , 1811.376099 
 823 , 635.775269 , 3176.224854 
 824 , 2655.263916 , 1156.736206 
 825 , 2922.315918 , 889.684143 
 826 , 1496.097412 , 2315.902588 
 827 , 2332.577148 , 1479.422729 
 828 , 2991.505371 , 820.494507 
 829 , 1165.337646 , 2646.662354 
 830 , 3719.497559 , 92.502380 
 831 , 1116.381714 , 2695.618408 
 832 , 2071.813721 , 1740.186523 
 833 , 2173.592773 , 1638.407349 
 834 , 2636.633301 , 1175.366821 
 835 , 393.684967 , 3418.314941 
 836 , 3225.769775 , 586.229919 
 837 , 2084.829590 , 1727.170410 
 838 , 2153.813232 , 1658.186768 
 839 , 1142.148804 , 2669.851074 
 840 , 3001.902100 , 810.097961 
 841 , 1920.595093 , 1891.404785 
 842 , 2031.310669 , 1780.689331 
 843 , 1097.770874 , 2714.229004 
 844 , 2432.444824 , 1379.555542 
 845 , 1432.386597 , 2379.613525 
 846 , 651.791016 , 3160.208984 
 847 , 562.144226 , 3249.855713 
 848 , 1555.421631 , 2256.578125 
 849 , 2091.460938 , 1720.538818 
 850 , 510.861938 , 3301.138184 
 851 , 1842.763550 , 1969.236328 
 852 , 3762.382080 , 49.617908 
 853 , 1758.797485 , 2053.202637 
 854 , 1886.379517 , 1925.620361 
 855 , 850.494324 , 2961.505859 
 856 , 996.230530 , 2815.769531 
 857 , 1094.423950 , 2717.576172 
 858 , 1023.334229 , 2788.665771 
 859 , 603.580566 , 3208.419434 
 860 , 734.721252 , 3077.278809 
 861 , 441.725250 , 3370.274658 
 862 , 2701.356934 , 1110.643433 
 863 , 1573.961304 , 2238.038574 
 864 , 1744.614014 , 2067.385986 
 865 , 2300.015625 , 1511.984619 
 866 , 2318.767578 , 1493.232544 
 867 , 2302.703857 , 1509.295898 
 868 , 2958.383789 , 853.616272 
 869 , 1710.143433 , 2101.856445 
 870 , 3732.571045 , 79.429222 
 871 , 1112.738525 , 2699.261963 
 872 , 1813.768799 , 1998.231201 
 873 , 954.822083 , 2857.177734 
 874 , 1034.562256 , 2777.437744 
 875 , 1638.382813 , 2173.617188 
 876 , 2430.777588 , 1381.222412 
 877 , 3398.070557 , 413.929657 
 878 , 1319.264893 , 2492.735107 
 879 , 2605.786377 , 1206.213501 
 880 , 176.509689 , 3635.490234 
 881 , 978.470459 , 2833.529541 
 882 , 1441.839844 , 2370.160156 
 883 , 564.808533 , 3247.191406 
 884 , 233.414413 , 3578.585693 
 885 , 1971.361816 , 1840.638062 
 886 , 1942.934326 , 1869.065796 
 887 , 3028.050537 , 783.949585 
 888 , 1558.531250 , 2253.468506 
 889 , 1703.227905 , 2108.771973 
 890 , 1516.234985 , 2295.764893 
 891 , 1974.210327 , 1837.789917 
 892 , 2644.584961 , 1167.414917 
 893 , 3722.997559 , 89.002388 
 894 , 3478.708496 , 333.291595 
 895 , 3253.238037 , 558.761963 
 896 , 1197.233521 , 2614.766602 
 897 , 2782.052979 , 1029.947021 
 898 , 3685.265869 , 126.733932 
 899 , 712.852600 , 3099.147461 
 900 , 1218.265747 , 2593.734375 
 901 , 1937.654663 , 1874.345459 
 902 , 11.697783 , 3800.302246 
 903 , 1439.348877 , 2372.651367 
 904 , 3012.695801 , 799.304199 
 905 , 3015.116455 , 796.883606 
 906 , 2523.071533 , 1288.928345 
 907 , 1795.688965 , 2016.311035 
 908 , 3738.668701 , 73.331207 
 909 , 1295.512207 , 2516.487793 
 910 , 2136.272217 , 1675.727783 
 911 , 3099.055908 , 712.944092 
 912 , 3460.195557 , 351.804443 
 913 , 1314.172119 , 2497.827881 
 914 , 2715.847900 , 1096.152100 
 915 , 1693.323364 , 2118.676758 
 916 , 368.156403 , 3443.843506 
 917 , 2240.463623 , 1571.536377 
 918 , 2456.483154 , 1355.516724 
 919 , 2305.646729 , 1506.353638 
 920 , 139.316452 , 3672.683594 
 921 , 2095.449951 , 1716.550049 
 922 , 2379.564453 , 1432.435425 
 923 , 1446.703491 , 2365.296387 
 924 , 1939.812500 , 1872.187256 
 925 , 1713.422363 , 2098.577637 
 926 , 25.506561 , 3786.493652 
 927 , 2155.647705 , 1656.352051 
 928 , 1694.018921 , 2117.980957 
 929 , 788.026855 , 3023.973389 
 930 , 1917.027100 , 1894.972778 
 931 , 1192.774414 , 2619.225830 
 932 , 1317.703247 , 2494.296875 
 933 , 450.879608 , 3361.120117 
 934 , 2504.156738 , 1307.843384 
 935 , 1854.920166 , 1957.079834 
 936 , 3135.687744 , 676.312378 
 937 , 2130.527832 , 1681.472412 
 938 , 1949.400024 , 1862.599976 
 939 , 552.601013 , 3259.399170 
 940 , 756.387085 , 3055.612793 
 941 , 1906.031372 , 1905.968750 
 942 , 2342.180176 , 1469.819702 
 943 , 1947.948730 , 1864.051270 
 944 , 448.456116 , 3363.543701 
 945 , 2031.804321 , 1780.195435 
 946 , 2936.868652 , 875.131470 
 947 , 2619.158447 , 1192.841553 
 948 , 2730.845215 , 1081.155273 
 949 , 1269.078369 , 2542.921387 
 950 , 2742.280518 , 1069.719482 
 951 , 729.442322 , 3082.557617 
 952 , 236.549591 , 3575.450195 
 953 , 2887.319336 , 924.680542 
 954 , 1455.829102 , 2356.170898 
 955 , 3433.860840 , 378.138977 
 956 , 2093.935791 , 1718.064331 
 957 , 1462.861938 , 2349.137939 
 958 , 1982.867432 , 1829.132568 
 959 , 1424.551025 , 2387.448975 
 960 , 2605.383789 , 1206.616333 
 961 , 416.073853 , 3395.926270 
 962 , 2255.333984 , 1556.666016 
 963 , 3520.472412 , 291.527588 
 964 , 1194.791138 , 2617.208740 
 965 , 27.833130 , 3784.166748 
 966 , 1688.984131 , 2123.015869 
 967 , 496.091766 , 3315.907959 
 968 , 2935.770996 , 876.229248 
 969 , 1359.515747 , 2452.484375 
 970 , 2686.517822 , 1125.482056 
 971 , 2427.916992 , 1384.083008 
 972 , 2348.222900 , 1463.777344 
 973 , 1471.521973 , 2340.477783 
 974 , 1602.133179 , 2209.866943 
 975 , 1376.058105 , 2435.941895 
 976 , 1910.952148 , 1901.047852 
 977 , 1361.311890 , 2450.688232 
 978 , 1471.544922 , 2340.454834 
 979 , 1220.170166 , 2591.829590 
 980 , 3585.767578 , 226.232361 
 981 , 1800.844116 , 2011.155762 
 982 , 2455.288086 , 1356.712036 
 983 , 967.151001 , 2844.848877 
 984 , 3169.657715 , 642.342468 
 985 , 32.549057 , 3779.450928 
 986 , 1615.203003 , 2196.797363 
 987 , 1661.473389 , 2150.526611 
 988 , 1566.344116 , 2245.655762 
 989 , 1664.918213 , 2147.082031 
 990 , 1838.626221 , 1973.373901 
 991 , 3389.919678 , 422.080353 
 992 , 2689.344482 , 1122.655518 
 993 , 1312.487915 , 2499.512207 
 994 , 3135.587891 , 676.412170 
 995 , 1979.723267 , 1832.276611 
 996 , 3294.622070 , 517.377930 
 997 , 3729.388184 , 82.612007 
 998 , 1029.905762 , 2782.094482 
 999 , 1314.481934 , 2497.517822 
 