0 , -0.049875, 0.006359, 0.084330 , 0.030874, 0.008501, 0.112987 
1 , -0.014971, 0.039596, 0.147284 , 0.024660, -0.032589, 0.150894 
2 , 0.021050, 0.001353, 0.095399 , -0.048502, -0.040860, 0.101445 
3 , -0.035269, -0.033410, 0.163853 , -0.005431, -0.038092, 0.065467 
4 , -0.049109, -0.012212, 0.118166 , 0.007118, 0.010176, 0.125717 
5 , -0.033377, 0.016305, 0.110079 , -0.014788, -0.044296, 0.125768 
6 , 0.028332, 0.030261, 0.116988 , -0.019805, 0.037597, 0.137668 
7 , 0.045590, 0.042572, 0.118935 , -0.035766, -0.003792, 0.088533 
8 , 0.036224, -0.029040, 0.142966 , 0.034365, 0.049680, 0.164969 
9 , 0.011150, -0.010756, 0.091621 , -0.020272, 0.034014, 0.067374 
10 , -0.012413, -0.040738, 0.132721 , -0.044378, -0.049121, 0.156879 
11 , -0.022411, -0.022710, 0.123791 , 0.019118, 0.033761, 0.137649 
12 , -0.001506, -0.029464, 0.139374 , -0.003154, -0.004204, 0.159916 
13 , 0.024444, -0.039172, 0.124905 , -0.011476, 0.023501, 0.125897 
14 , 0.007241, -0.013866, 0.080155 , -0.027490, -0.007485, 0.145288 
15 , 0.001711, 0.048999, 0.140155 , -0.015444, -0.033102, 0.130731 
16 , -0.000810, -0.043646, 0.134976 , 0.000481, -0.035250, 0.159958 
17 , -0.035842, 0.040512, 0.134289 , -0.019695, -0.007344, 0.072038 
18 , 0.046661, 0.018319, 0.080323 , 0.037725, 0.032168, 0.123205 
19 , -0.030865, -0.032211, 0.146719 , -0.002474, -0.034445, 0.115392 
20 , 0.023202, -0.009441, 0.092958 , 0.006874, 0.018224, 0.140585 
21 , 0.022192, -0.002470, 0.077302 , -0.013219, 0.033468, 0.068510 
22 , 0.001701, 0.016298, 0.107622 , -0.039532, 0.044934, 0.157138 
23 , 0.004955, -0.015401, 0.112172 , -0.012502, 0.034698, 0.096687 
24 , -0.004390, -0.022811, 0.163297 , -0.020220, 0.023919, 0.121728 
25 , -0.030401, 0.026131, 0.148944 , -0.010234, 0.000090, 0.154016 
26 , -0.047253, 0.049463, 0.122259 , -0.044949, 0.003133, 0.084407 
27 , 0.034304, 0.012676, 0.130761 , -0.030215, 0.034216, 0.077333 
28 , -0.039007, 0.024313, 0.096407 , 0.044107, -0.021392, 0.098631 
29 , -0.035974, 0.023309, 0.148462 , 0.020800, 0.010024, 0.139722 
30 , -0.024728, -0.035553, 0.065162 , -0.043899, 0.030624, 0.150263 
31 , -0.028942, -0.038440, 0.120321 , -0.048575, -0.038623, 0.110451 
32 , 0.025222, 0.018615, 0.119344 , -0.042611, -0.006328, 0.085194 
33 , 0.019622, -0.020965, 0.108669 , -0.026757, 0.007787, 0.118258 
34 , 0.012868, -0.033981, 0.115414 , 0.046304, 0.019576, 0.157480 
35 , -0.031005, -0.016405, 0.082835 , 0.049518, -0.004256, 0.164802 
36 , -0.040249, 0.012517, 0.074439 , -0.006227, 0.043152, 0.069843 
37 , 0.039462, -0.020998, 0.087730 , 0.026907, -0.008928, 0.085197 
38 , 0.012807, 0.010414, 0.110161 , -0.003365, 0.009783, 0.128472 
39 , 0.035479, 0.032879, 0.127477 , 0.022091, 0.006575, 0.102513 
40 , -0.031573, 0.023791, 0.120513 , 0.040509, -0.025713, 0.083894 
41 , 0.010472, 0.019851, 0.123461 , -0.014870, -0.000554, 0.073039 
42 , 0.024075, 0.011205, 0.127038 , 0.019112, 0.030453, 0.079911 
43 , 0.007604, 0.036773, 0.156156 , 0.011470, 0.022768, 0.069321 
44 , 0.016778, 0.047653, 0.096501 , 0.006920, -0.019417, 0.082392 
45 , -0.039145, 0.036905, 0.150122 , 0.024432, -0.034512, 0.097691 
46 , -0.042065, -0.042340, 0.129098 , 0.032000, 0.004509, 0.109826 
47 , -0.009102, -0.020125, 0.111556 , 0.000121, -0.034735, 0.097304 
48 , 0.023800, -0.018612, 0.147669 , 0.045907, 0.037335, 0.137503 
49 , -0.019994, 0.044400, 0.077723 , -0.043426, 0.028497, 0.117458 
50 , 0.010964, 0.045611, 0.072227 , 0.037564, 0.015386, 0.097212 
51 , -0.039520, 0.000505, 0.087709 , -0.020971, 0.041998, 0.120116 
52 , 0.016280, -0.038546, 0.114254 , -0.012087, -0.000319, 0.144336 
53 , 0.000926, -0.011763, 0.133816 , 0.003215, 0.010628, 0.104518 
54 , -0.049411, 0.020788, 0.075062 , 0.012307, 0.036325, 0.114150 
55 , 0.024734, -0.000310, 0.103011 , 0.028536, 0.005281, 0.100710 
56 , 0.045572, 0.013085, 0.082658 , -0.012575, -0.036837, 0.139328 
57 , 0.045172, 0.011199, 0.067783 , -0.017016, -0.044409, 0.128921 
58 , -0.036837, 0.034707, 0.151431 , 0.009688, 0.022164, 0.150397 
59 , -0.048532, -0.037353, 0.135791 , 0.011715, -0.028243, 0.071595 
60 , -0.033108, 0.012410, 0.099098 , -0.018059, -0.013244, 0.131100 
61 , 0.030239, 0.030688, 0.117654 , 0.011110, 0.029818, 0.155060 
62 , -0.035519, 0.013018, 0.105242 , -0.024630, -0.036346, 0.150519 
63 , -0.043384, -0.007219, 0.122335 , -0.019771, 0.004805, 0.087556 
64 , -0.018865, -0.038937, 0.145804 , -0.036529, -0.021575, 0.143811 
65 , 0.039523, 0.028964, 0.139380 , 0.011522, -0.013887, 0.150665 
66 , -0.027151, 0.036358, 0.087944 , -0.025045, 0.004241, 0.163483 
67 , -0.044620, -0.041858, 0.117467 , -0.007320, -0.040533, 0.090880 
68 , 0.039154, -0.026724, 0.079655 , -0.037490, 0.043164, 0.073011 
69 , -0.045291, -0.044128, 0.098641 , 0.041470, -0.010140, 0.108278 
70 , 0.044617, 0.033718, 0.118423 , 0.034210, 0.019353, 0.104769 
71 , -0.024084, -0.049567, 0.117559 , 0.045480, -0.010131, 0.089110 
72 , 0.008556, -0.024487, 0.133401 , 0.044528, -0.006450, 0.154022 
73 , -0.049283, 0.044098, 0.125155 , 0.028616, 0.007668, 0.079243 
74 , -0.027767, -0.011699, 0.065427 , -0.008208, -0.041775, 0.130993 
75 , 0.035510, -0.043515, 0.146106 , 0.016207, 0.019149, 0.145270 
76 , 0.003014, 0.018563, 0.079277 , 0.018950, 0.022790, 0.142773 
77 , -0.046893, 0.036868, 0.129452 , 0.020656, -0.041455, 0.120199 
78 , 0.044790, -0.044122, 0.092497 , -0.035482, 0.048178, 0.126998 
79 , -0.020775, 0.042248, 0.101753 , 0.019454, -0.028137, 0.080592 
80 , -0.025945, 0.002144, 0.155228 , -0.039358, 0.040265, 0.109172 
81 , -0.041989, 0.028210, 0.082179 , 0.047439, 0.027587, 0.152039 
82 , -0.028936, -0.004338, 0.065375 , 0.025063, -0.038595, 0.105471 
83 , -0.018886, 0.049261, 0.068858 , -0.024792, -0.031072, 0.089769 
84 , -0.034649, 0.012032, 0.153537 , 0.043909, -0.030435, 0.142966 
85 , 0.014556, 0.015676, 0.155915 , -0.004454, 0.042129, 0.131417 
86 , -0.034924, 0.013634, 0.121954 , -0.007796, 0.044302, 0.119057 
87 , 0.007857, 0.003645, 0.090529 , -0.010305, -0.014974, 0.068662 
88 , 0.029525, -0.030349, 0.072028 , -0.011058, 0.009075, 0.072093 
89 , -0.030233, -0.034411, 0.129434 , -0.004567, 0.010430, 0.134735 
90 , -0.005870, 0.018447, 0.104653 , 0.033572, 0.009221, 0.084959 
91 , 0.044946, 0.037600, 0.104171 , 0.048746, -0.031469, 0.154572 
92 , 0.007445, -0.005794, 0.127734 , 0.020852, -0.045038, 0.093556 
93 , -0.023980, -0.009236, 0.154532 , 0.021020, 0.022845, 0.154605 
94 , -0.010643, -0.010259, 0.155387 , -0.019140, -0.011190, 0.122057 
95 , -0.014644, 0.023370, 0.139535 , 0.023638, 0.023943, 0.078932 
96 , -0.029983, -0.022741, 0.133044 , 0.041113, -0.013216, 0.116765 
97 , -0.039062, 0.040744, 0.085307 , 0.001796, 0.015484, 0.108852 
98 , 0.018764, -0.040957, 0.072956 , -0.042422, -0.047220, 0.100508 
99 , -0.019277, 0.019729, 0.079267 , -0.010515, -0.043216, 0.132574 
100 , 0.022494, -0.030129, 0.134402 , 0.011571, 0.015490, 0.119399 
101 , -0.040170, 0.004537, 0.069962 , 0.047458, -0.003597, 0.161997 
102 , 0.022787, 0.003096, 0.132992 , 0.019280, -0.012789, 0.103862 
103 , -0.045004, 0.030978, 0.081956 , -0.043918, -0.018944, 0.143448 
104 , -0.028753, -0.017809, 0.113466 , -0.049084, -0.006014, 0.115786 
105 , 0.010594, 0.025854, 0.105107 , -0.015020, 0.034265, 0.159232 
106 , 0.012331, 0.049728, 0.070347 , 0.006285, 0.036355, 0.103676 
107 , -0.019359, -0.021578, 0.067670 , 0.011257, -0.010881, 0.066862 
108 , -0.046896, -0.004430, 0.150794 , 0.043677, -0.009810, 0.137729 
109 , 0.011159, 0.030837, 0.152542 , 0.008260, 0.009502, 0.072901 
110 , 0.029318, -0.003780, 0.124062 , 0.008943, 0.006920, 0.146607 
111 , 0.017275, -0.015642, 0.066022 , -0.023269, -0.015844, 0.088209 
112 , 0.027102, -0.012825, 0.151987 , -0.038314, 0.022558, 0.127893 
113 , 0.039395, -0.031698, 0.118557 , 0.040201, 0.028008, 0.161521 
114 , -0.030264, 0.040155, 0.144742 , 0.045340, 0.034881, 0.154035 
115 , 0.012871, -0.031454, 0.126693 , -0.023501, -0.024935, 0.138220 
116 , 0.028811, -0.032907, 0.136389 , -0.001906, -0.041852, 0.145654 
117 , 0.035534, -0.037536, 0.095747 , 0.007332, -0.002702, 0.141205 
118 , -0.030813, 0.022777, 0.164503 , -0.048465, 0.014763, 0.134164 
119 , -0.032586, -0.042788, 0.092497 , 0.017663, 0.033892, 0.120666 
120 , -0.012877, 0.027950, 0.088252 , 0.013823, -0.026833, 0.085460 
121 , 0.047104, -0.021825, 0.067289 , 0.026922, -0.034817, 0.069697 
122 , -0.049075, -0.015142, 0.129388 , -0.015676, -0.008544, 0.106652 
123 , -0.040933, 0.004518, 0.134927 , -0.016201, 0.015752, 0.152625 
124 , 0.003548, 0.007002, 0.070399 , -0.003423, -0.024001, 0.107680 
125 , 0.036334, -0.001341, 0.073744 , 0.006581, 0.020940, 0.142847 
126 , 0.036422, 0.035055, 0.094301 , 0.036438, 0.014492, 0.139685 
127 , 0.032864, 0.026562, 0.152191 , 0.040832, 0.041253, 0.117196 
128 , -0.005983, -0.039236, 0.100401 , 0.032305, -0.007228, 0.081984 
129 , -0.049915, 0.015746, 0.142355 , -0.043628, -0.041018, 0.103566 
130 , 0.018389, 0.030761, 0.080409 , -0.035714, -0.045154, 0.099614 
131 , -0.048144, 0.047842, 0.129763 , -0.044635, 0.041415, 0.128747 
132 , -0.006829, -0.047894, 0.089259 , -0.010805, 0.015401, 0.143188 
133 , -0.047717, 0.032604, 0.078843 , 0.013427, 0.005040, 0.163349 
134 , -0.003658, -0.028521, 0.095070 , 0.028216, -0.015746, 0.113061 
135 , 0.010802, -0.039749, 0.163444 , 0.025582, -0.034912, 0.110640 
136 , 0.021163, 0.049875, 0.142551 , 0.014165, 0.012120, 0.159610 
137 , 0.018816, -0.021020, 0.121716 , -0.020962, 0.004823, 0.136236 
138 , -0.025356, 0.004668, 0.114263 , 0.045206, 0.016982, 0.141516 
139 , 0.012337, -0.005425, 0.144876 , 0.024554, 0.048892, 0.085463 
140 , 0.012947, 0.040982, 0.124130 , 0.041839, 0.000554, 0.113939 
141 , -0.005028, 0.038934, 0.159040 , -0.031707, -0.024804, 0.085301 
142 , 0.023049, 0.044113, 0.127508 , -0.045865, 0.014135, 0.068452 
143 , 0.005635, 0.004448, 0.109633 , -0.043863, 0.049603, 0.077775 
144 , 0.010091, -0.044964, 0.082280 , 0.016024, -0.016756, 0.096596 
145 , 0.015358, -0.008947, 0.107750 , -0.027837, 0.017852, 0.081645 
146 , -0.000246, 0.000764, 0.145273 , -0.006493, -0.049548, 0.098949 
147 , -0.012410, -0.037143, 0.147733 , 0.023330, 0.039114, 0.129333 
148 , 0.015059, 0.001448, 0.138397 , 0.023717, 0.045709, 0.111583 
149 , -0.013674, -0.038781, 0.155466 , 0.032122, -0.004521, 0.075868 
150 , 0.036944, 0.026138, 0.068912 , -0.008333, 0.043612, 0.071775 
151 , -0.033514, -0.028872, 0.076692 , 0.009111, -0.038165, 0.126827 
152 , 0.008010, 0.019030, 0.138156 , 0.041565, 0.016973, 0.094850 
153 , 0.030886, -0.012181, 0.164750 , 0.027252, -0.029559, 0.082057 
154 , -0.011174, -0.031878, 0.123098 , -0.030438, 0.046014, 0.084025 
155 , -0.011827, -0.019601, 0.077082 , -0.030184, -0.045376, 0.142117 
156 , 0.026104, 0.038104, 0.065177 , -0.005138, -0.007363, 0.145154 
157 , -0.003865, -0.000514, 0.139938 , -0.026150, 0.005940, 0.074275 
158 , 0.042203, 0.039383, 0.150702 , -0.044037, -0.000911, 0.128204 
159 , 0.024722, 0.025607, 0.090575 , 0.040991, 0.029199, 0.084962 
160 , 0.005284, -0.044876, 0.117217 , 0.029037, 0.020415, 0.067405 
161 , 0.023174, 0.005336, 0.156421 , 0.037555, 0.029693, 0.095543 
162 , -0.010506, -0.001811, 0.070258 , 0.015197, -0.049915, 0.141858 
163 , 0.025619, -0.028027, 0.080476 , -0.044247, 0.017061, 0.068269 
164 , -0.015413, 0.019787, 0.144815 , -0.006374, 0.048172, 0.128555 
165 , -0.020470, -0.002303, 0.152436 , -0.042071, -0.039901, 0.079322 
166 , -0.035699, 0.041800, 0.095873 , -0.012618, 0.031384, 0.069663 
167 , 0.031420, -0.026000, 0.154789 , -0.024349, -0.023064, 0.085801 
168 , -0.027062, 0.034616, 0.152484 , 0.038769, 0.034478, 0.125927 
169 , -0.045911, -0.032647, 0.083375 , -0.014409, -0.005074, 0.083506 
170 , 0.039447, 0.012304, 0.119634 , 0.041168, 0.002260, 0.138064 
171 , 0.049933, 0.046933, 0.151743 , 0.034021, -0.035333, 0.102440 
172 , -0.021563, -0.032904, 0.162375 , 0.024181, 0.021661, 0.068088 
173 , 0.014504, 0.031271, 0.138592 , 0.031817, -0.037536, 0.136889 
174 , -0.012493, 0.014983, 0.156543 , 0.038968, -0.046783, 0.142349 
175 , -0.005113, -0.049243, 0.087861 , -0.008153, -0.034341, 0.156903 
176 , 0.000169, -0.025713, 0.140448 , 0.040652, -0.028652, 0.068211 
177 , 0.027117, -0.027175, 0.120660 , 0.030639, 0.035202, 0.098161 
178 , 0.003893, 0.049179, 0.151935 , 0.014687, -0.027227, 0.146280 
179 , -0.012896, -0.013311, 0.068497 , 0.006130, -0.010213, 0.076979 
180 , -0.017507, 0.039901, 0.085148 , 0.044018, -0.037494, 0.149933 
181 , 0.039395, -0.005443, 0.087211 , 0.013475, 0.006008, 0.127404 
182 , -0.007634, -0.048352, 0.151413 , -0.036038, -0.023260, 0.094197 
183 , 0.018166, 0.006145, 0.160883 , 0.010723, 0.028823, 0.107271 
184 , 0.031838, 0.023946, 0.078578 , 0.001653, -0.047992, 0.065699 
185 , 0.024831, -0.016613, 0.155213 , -0.003774, 0.026791, 0.070051 
186 , 0.013097, -0.047583, 0.133242 , 0.046908, 0.000044, 0.135638 
187 , -0.023406, 0.032235, 0.129663 , 0.009722, -0.023638, 0.149423 
188 , -0.003993, 0.024816, 0.100160 , -0.048550, -0.002345, 0.127648 
189 , -0.009612, -0.011638, 0.067762 , -0.021117, 0.009685, 0.153388 
190 , -0.006783, 0.043155, 0.103298 , 0.003313, -0.048993, 0.162424 
191 , 0.036520, -0.006258, 0.134964 , -0.016704, 0.010234, 0.114855 
192 , 0.005962, -0.046100, 0.102822 , -0.026696, 0.043735, 0.150952 
193 , 0.046411, 0.010881, 0.123397 , -0.042355, -0.009297, 0.095531 
194 , -0.000142, -0.041995, 0.152478 , -0.019573, 0.028152, 0.158289 
195 , 0.008843, -0.028378, 0.092931 , 0.006072, 0.037442, 0.090007 
196 , -0.019860, 0.022713, 0.151660 , -0.026891, -0.030929, 0.109679 
197 , 0.039035, 0.007433, 0.067878 , 0.049524, -0.044076, 0.126919 
198 , -0.024306, -0.033016, 0.076612 , -0.026852, -0.000511, 0.160981 
199 , -0.045071, -0.042038, 0.098766 , -0.022027, 0.001555, 0.114055 
200 , -0.008773, 0.042471, 0.125106 , -0.020785, -0.002425, 0.105165 
201 , 0.045132, 0.004836, 0.148493 , 0.029443, 0.030166, 0.124285 
202 , 0.037008, -0.018194, 0.158918 , -0.023208, 0.044333, 0.136877 
203 , -0.037237, 0.027490, 0.112288 , -0.032409, -0.047333, 0.069163 
204 , -0.004521, 0.036230, 0.078611 , -0.048553, -0.028722, 0.146854 
205 , 0.029720, 0.027966, 0.130850 , -0.020125, 0.028143, 0.157151 
206 , 0.034213, -0.025738, 0.114876 , -0.047699, -0.042428, 0.068088 
207 , -0.014379, 0.021532, 0.105980 , -0.031957, -0.020208, 0.083210 
208 , 0.024490, -0.036526, 0.070823 , 0.002562, -0.014113, 0.145673 
209 , -0.034118, 0.039987, 0.078181 , -0.047076, -0.031857, 0.146808 
210 , -0.025079, 0.007070, 0.099690 , 0.003993, 0.016491, 0.152075 
211 , 0.043252, 0.044528, 0.075520 , -0.034677, 0.005797, 0.145026 
212 , 0.039514, -0.042749, 0.152231 , 0.032241, -0.011171, 0.119878 
213 , 0.017196, -0.004906, 0.093138 , 0.044946, 0.048215, 0.137805 
214 , 0.009481, -0.022762, 0.078196 , -0.030206, 0.010051, 0.113735 
215 , -0.014467, -0.027007, 0.112844 , 0.019179, 0.044815, 0.132113 
216 , 0.048257, -0.026247, 0.116357 , -0.026418, 0.039804, 0.113436 
217 , -0.017354, 0.003749, 0.122079 , -0.016347, -0.015184, 0.081923 
218 , -0.020983, -0.028072, 0.157282 , 0.023968, 0.030700, 0.130044 
219 , 0.018670, -0.022991, 0.141687 , -0.043558, 0.022176, 0.150907 
220 , -0.015844, -0.045563, 0.113430 , -0.047922, 0.033819, 0.126852 
221 , 0.004057, 0.010405, 0.121868 , 0.027737, 0.014003, 0.134674 
222 , 0.025994, 0.036801, 0.080799 , -0.007649, 0.028646, 0.067142 
223 , -0.006163, -0.045785, 0.115630 , -0.023074, -0.043173, 0.089485 
224 , 0.048206, 0.000645, 0.126553 , -0.042898, -0.013250, 0.160553 
225 , 0.036007, -0.016253, 0.089189 , -0.021047, -0.044903, 0.164271 
226 , -0.032754, -0.043109, 0.087013 , -0.019909, 0.028686, 0.129962 
227 , -0.041632, -0.023724, 0.078648 , -0.028246, 0.006258, 0.082826 
228 , 0.013228, -0.039309, 0.110372 , 0.025884, -0.016619, 0.070741 
229 , -0.021749, 0.019430, 0.152326 , 0.006758, 0.036850, 0.073121 
230 , 0.029540, 0.049966, 0.128500 , 0.011885, 0.009478, 0.124313 
231 , -0.030575, 0.047888, 0.088151 , -0.045770, -0.026095, 0.090513 
232 , -0.009319, 0.029495, 0.092247 , 0.040005, -0.012056, 0.137756 
233 , -0.029351, -0.044705, 0.125457 , -0.014602, -0.013875, 0.131811 
234 , 0.047604, -0.027636, 0.154578 , -0.015304, 0.045352, 0.131512 
235 , -0.029833, -0.021764, 0.100545 , 0.003200, -0.020901, 0.086998 
236 , -0.040039, -0.039328, 0.135934 , 0.034381, 0.017186, 0.146915 
237 , -0.049423, -0.000865, 0.125463 , 0.043533, -0.020937, 0.125582 
238 , 0.024691, 0.037384, 0.156223 , 0.033010, 0.010591, 0.095488 
239 , 0.028423, -0.034988, 0.119262 , 0.018905, -0.010537, 0.164319 
240 , -0.039807, -0.008840, 0.067744 , 0.018743, -0.024111, 0.081901 
241 , -0.027136, -0.031100, 0.151221 , 0.026330, -0.045239, 0.113323 
242 , -0.044385, 0.046124, 0.073499 , 0.006548, 0.046255, 0.122390 
243 , 0.037866, -0.009130, 0.105315 , -0.008650, 0.015853, 0.147336 
244 , 0.044519, -0.021688, 0.065223 , 0.011626, -0.045056, 0.130606 
245 , -0.007805, 0.045450, 0.125396 , -0.029913, -0.008562, 0.099056 
246 , 0.012313, 0.030840, 0.065485 , -0.039474, -0.010558, 0.092686 
247 , -0.018322, 0.032424, 0.150351 , -0.018847, -0.030233, 0.121468 
248 , -0.003093, 0.049512, 0.108324 , -0.013152, -0.008123, 0.103487 
249 , 0.008043, 0.037774, 0.098741 , -0.010662, 0.045105, 0.115914 
250 , -0.008141, 0.010829, 0.142676 , -0.041635, -0.034881, 0.085792 
251 , -0.041266, -0.018273, 0.112182 , 0.012914, -0.016723, 0.072932 
252 , 0.011452, -0.035717, 0.093071 , 0.032498, -0.006093, 0.164442 
253 , -0.027905, -0.039267, 0.116900 , -0.023540, -0.049265, 0.122625 
254 , 0.027056, -0.039248, 0.161921 , -0.013057, 0.040399, 0.117171 
255 , -0.027734, -0.019738, 0.112847 , -0.018938, -0.008559, 0.141473 
256 , 0.034161, -0.011089, 0.107747 , 0.022417, 0.023492, 0.074140 
257 , -0.041827, 0.025307, 0.149698 , 0.013781, -0.014037, 0.112502 
258 , -0.040561, -0.008470, 0.083836 , -0.015688, 0.041339, 0.087932 
259 , -0.018969, -0.034573, 0.099153 , -0.031771, -0.022771, 0.085594 
260 , -0.032754, -0.016472, 0.071543 , 0.000191, 0.046368, 0.145926 
261 , -0.005354, 0.041299, 0.082927 , -0.001808, -0.002791, 0.134924 
262 , -0.025140, 0.043670, 0.092744 , -0.020046, 0.032244, 0.146964 
263 , 0.012990, 0.029507, 0.065720 , -0.023904, -0.021047, 0.160297 
264 , 0.035946, 0.001744, 0.135751 , -0.024383, 0.042105, 0.114126 
265 , -0.040646, 0.032598, 0.072669 , -0.021737, -0.011614, 0.129327 
266 , 0.001509, -0.006847, 0.079072 , 0.047497, -0.042538, 0.065519 
267 , 0.041479, -0.008834, 0.140533 , -0.031234, -0.039828, 0.107314 
268 , 0.017794, 0.002742, 0.147421 , 0.033718, -0.022851, 0.114950 
269 , 0.037045, -0.035101, 0.162079 , 0.003838, -0.027932, 0.071674 
270 , -0.029537, -0.030227, 0.084291 , -0.030047, 0.045679, 0.124349 
271 , 0.023879, -0.020562, 0.132983 , 0.028613, 0.042132, 0.157843 
272 , 0.034433, -0.024102, 0.075544 , -0.043811, 0.040378, 0.079832 
273 , 0.039276, -0.014058, 0.160669 , -0.011843, -0.016854, 0.133456 
274 , 0.038754, -0.011989, 0.108327 , 0.017464, -0.023290, 0.113283 
275 , 0.002785, 0.030206, 0.144412 , 0.024633, -0.001332, 0.147778 
276 , 0.005904, -0.022121, 0.099718 , -0.044586, 0.041125, 0.141290 
277 , -0.013152, -0.021761, 0.086125 , -0.017544, -0.044986, 0.153162 
278 , -0.025118, -0.009618, 0.079487 , 0.037527, 0.010811, 0.143365 
279 , -0.030316, -0.004830, 0.141177 , -0.006667, 0.013646, 0.145456 
280 , -0.032556, -0.017733, 0.161319 , 0.020940, -0.030245, 0.151288 
281 , -0.045270, 0.024322, 0.068604 , -0.036917, -0.041763, 0.120269 
282 , 0.006896, 0.003301, 0.086888 , -0.042282, -0.019539, 0.071446 
283 , -0.008873, -0.036630, 0.090169 , 0.032064, 0.000877, 0.091872 
284 , 0.048795, 0.041653, 0.077174 , -0.021557, 0.020696, 0.112093 
285 , -0.020525, -0.015535, 0.117510 , 0.031112, 0.001723, 0.071732 
286 , 0.032922, 0.005440, 0.075364 , 0.000957, 0.044668, 0.137311 
287 , -0.002608, -0.004869, 0.156888 , 0.004884, -0.013472, 0.153437 
288 , 0.015972, -0.037747, 0.115740 , -0.038757, -0.022021, 0.119646 
289 , 0.029128, -0.013082, 0.150812 , 0.024435, -0.003615, 0.100966 
290 , -0.005791, 0.008592, 0.102904 , 0.013204, 0.005760, 0.113259 
291 , 0.033666, -0.031429, 0.065970 , -0.039074, -0.045938, 0.087178 
292 , -0.024404, -0.008971, 0.135760 , -0.005727, -0.036694, 0.119405 
293 , 0.035678, 0.030663, 0.086827 , 0.042383, -0.018664, 0.079322 
294 , 0.010686, -0.048972, 0.160557 , 0.003725, -0.011312, 0.066239 
295 , -0.026293, 0.038571, 0.124246 , -0.034741, -0.048346, 0.118520 
296 , 0.041671, 0.015273, 0.087446 , -0.009444, 0.046582, 0.074708 
297 , -0.010042, 0.000612, 0.098531 , -0.017159, 0.012542, 0.090077 
298 , -0.021004, 0.003352, 0.154868 , -0.002193, -0.017183, 0.132458 
299 , -0.003966, 0.008275, 0.106276 , 0.042230, -0.037902, 0.131472 
300 , -0.035131, -0.025262, 0.076158 , -0.039798, 0.018950, 0.147644 
301 , -0.000926, -0.004625, 0.130343 , -0.008150, 0.013991, 0.074922 
302 , 0.033059, -0.013137, 0.152796 , 0.002004, 0.046228, 0.104470 
303 , 0.022570, 0.013060, 0.102413 , 0.031341, 0.035257, 0.071394 
304 , 0.024358, -0.013762, 0.088560 , 0.031896, 0.028372, 0.092393 
305 , 0.006322, -0.032528, 0.077424 , 0.025710, -0.008620, 0.092943 
306 , -0.032904, 0.004421, 0.089125 , -0.018139, -0.027493, 0.130804 
307 , 0.019842, 0.017025, 0.129333 , -0.044397, -0.017049, 0.160224 
308 , -0.017931, -0.019237, 0.081297 , -0.013146, -0.022356, 0.161112 
309 , -0.026379, -0.023919, 0.127484 , 0.025604, 0.008281, 0.092100 
310 , 0.021215, -0.016210, 0.136413 , -0.047842, 0.020055, 0.128070 
311 , -0.037362, 0.021987, 0.103090 , 0.002394, 0.036413, 0.124194 
312 , -0.000484, -0.046921, 0.132177 , 0.005348, -0.015041, 0.122259 
313 , 0.026428, -0.047736, 0.065064 , 0.004695, 0.024807, 0.093224 
314 , 0.029403, 0.033523, 0.137381 , -0.020354, 0.003865, 0.105559 
315 , -0.039822, -0.011061, 0.074671 , 0.016820, -0.033816, 0.134094 
316 , 0.017077, 0.023852, 0.153824 , 0.025658, 0.006951, 0.091493 
317 , -0.038855, -0.023287, 0.138345 , 0.047748, -0.001210, 0.086491 
318 , 0.030120, 0.011290, 0.099852 , -0.001738, 0.049850, 0.102367 
319 , 0.044800, -0.027938, 0.128027 , 0.007570, -0.035446, 0.157990 
320 , -0.004207, 0.014232, 0.069865 , 0.015575, 0.024239, 0.074998 
321 , 0.015075, -0.030041, 0.088435 , 0.023214, 0.049454, 0.140411 
322 , 0.039331, 0.004765, 0.154178 , 0.036886, 0.011596, 0.136990 
323 , 0.023107, -0.034808, 0.140622 , -0.034722, -0.009526, 0.126449 
324 , 0.021679, 0.032998, 0.153604 , -0.043628, -0.010524, 0.125363 
325 , -0.001192, -0.004863, 0.141180 , 0.007878, -0.016427, 0.123306 
326 , -0.013967, 0.024975, 0.073145 , -0.040436, 0.049707, 0.069447 
327 , -0.010332, -0.039181, 0.106496 , -0.006609, -0.023028, 0.110302 
328 , -0.027502, -0.023867, 0.129174 , 0.039309, 0.037896, 0.109932 
329 , -0.008831, -0.026794, 0.161442 , 0.023937, -0.015828, 0.137304 
330 , 0.010338, 0.012145, 0.154422 , 0.018249, -0.026437, 0.075880 
331 , 0.003166, 0.021551, 0.121795 , -0.048489, 0.001091, 0.110845 
332 , 0.047085, 0.038965, 0.135238 , -0.025417, -0.039645, 0.091667 
333 , -0.003371, 0.010677, 0.069907 , -0.011382, -0.038336, 0.164817 
334 , 0.023992, -0.045917, 0.065439 , 0.018026, 0.045642, 0.135663 
335 , 0.025088, -0.035891, 0.132827 , 0.011275, 0.016298, 0.162601 
336 , -0.042889, 0.040741, 0.151132 , 0.012850, 0.038900, 0.122515 
337 , -0.034780, 0.039862, 0.122390 , -0.023705, -0.032452, 0.127529 
338 , 0.033432, 0.017028, 0.150864 , -0.005147, 0.048297, 0.131012 
339 , 0.020876, -0.044177, 0.146597 , 0.024691, 0.047415, 0.148535 
340 , -0.018587, -0.038235, 0.085551 , -0.020821, 0.044778, 0.149249 
341 , -0.025024, -0.028408, 0.151618 , -0.006911, -0.029427, 0.157874 
342 , 0.025332, -0.011000, 0.102474 , 0.005797, 0.013073, 0.159107 
343 , 0.023626, 0.023605, 0.103871 , 0.005019, 0.048022, 0.127798 
344 , -0.017232, -0.006996, 0.127734 , 0.019567, -0.000987, 0.131839 
345 , -0.023165, -0.039526, 0.071519 , -0.036023, -0.004604, 0.083027 
346 , 0.014650, 0.035678, 0.091609 , 0.031759, 0.012490, 0.156681 
347 , -0.039773, -0.024581, 0.114715 , 0.020113, 0.020412, 0.075959 
348 , -0.012801, -0.001820, 0.161103 , -0.040115, -0.004549, 0.074317 
349 , 0.002074, -0.017403, 0.144052 , 0.032415, 0.023782, 0.121395 
350 , -0.044827, -0.031265, 0.164088 , -0.007280, 0.014342, 0.137143 
351 , 0.040075, 0.034295, 0.156534 , -0.001701, -0.002019, 0.137750 
352 , 0.025771, -0.011605, 0.139462 , -0.022600, -0.013710, 0.068122 
353 , 0.032226, 0.025790, 0.108468 , -0.027572, -0.041754, 0.091572 
354 , 0.012569, 0.026727, 0.097615 , -0.024529, -0.001503, 0.140188 
355 , 0.006194, -0.015209, 0.134631 , 0.046713, -0.009832, 0.092268 
356 , 0.038888, 0.009236, 0.125662 , -0.015264, 0.030142, 0.147977 
357 , 0.031500, -0.007659, 0.073127 , 0.013240, 0.048254, 0.133868 
358 , -0.000072, -0.031573, 0.121728 , -0.026162, 0.036200, 0.093892 
359 , 0.048956, 0.031994, 0.105251 , -0.017827, -0.010134, 0.130758 
360 , 0.043088, 0.040387, 0.092769 , 0.026366, 0.002571, 0.160227 
361 , 0.041702, 0.014245, 0.069791 , -0.023644, -0.021136, 0.144247 
362 , -0.024194, -0.021297, 0.100191 , 0.041440, 0.031848, 0.089339 
363 , -0.017785, -0.027017, 0.161118 , -0.025451, 0.043359, 0.146799 
364 , -0.039660, 0.007726, 0.087736 , -0.012404, -0.030859, 0.143710 
365 , 0.039673, -0.019076, 0.070417 , 0.025204, 0.021929, 0.120849 
366 , 0.004793, -0.013140, 0.075941 , -0.043112, 0.027313, 0.067725 
367 , -0.017986, -0.019167, 0.079496 , 0.002593, -0.017278, 0.139071 
368 , 0.009850, 0.007955, 0.157587 , 0.016045, 0.020980, 0.123129 
369 , -0.042822, -0.020525, 0.066462 , 0.027218, 0.049744, 0.122955 
370 , -0.019475, -0.002489, 0.078495 , 0.001561, -0.031277, 0.119958 
371 , -0.012276, 0.001094, 0.132733 , 0.022326, 0.020766, 0.126580 
372 , -0.037664, 0.045697, 0.138064 , -0.044363, -0.027206, 0.114883 
373 , -0.036633, 0.047394, 0.110668 , 0.028463, 0.011223, 0.142471 
374 , 0.011260, 0.033938, 0.093877 , 0.049805, 0.035763, 0.098781 
375 , -0.034271, -0.039230, 0.161292 , 0.047885, 0.008440, 0.076383 
376 , -0.043152, -0.016906, 0.104824 , -0.006914, 0.023443, 0.145456 
377 , 0.009670, 0.037811, 0.121368 , 0.040735, -0.029409, 0.087922 
378 , -0.032089, -0.006059, 0.097038 , -0.028323, 0.033474, 0.143368 
379 , 0.035614, -0.010195, 0.109319 , 0.044876, -0.045230, 0.143842 
380 , -0.019939, 0.001949, 0.087095 , 0.016869, -0.021032, 0.082246 
381 , 0.037222, -0.002767, 0.149280 , 0.041177, 0.008528, 0.080931 
382 , -0.005397, 0.018203, 0.146784 , 0.048206, 0.046545, 0.116445 
383 , -0.041202, -0.044928, 0.122686 , 0.036251, 0.009267, 0.125335 
384 , 0.008052, -0.021700, 0.143863 , -0.011284, 0.038162, 0.076954 
385 , 0.046796, -0.044226, 0.106804 , -0.015615, -0.014144, 0.065198 
386 , -0.018294, -0.028845, 0.143185 , -0.000923, -0.043887, 0.153900 
387 , -0.010240, 0.006859, 0.109523 , 0.020656, 0.006856, 0.123510 
388 , 0.010622, -0.030447, 0.102523 , 0.027602, 0.040582, 0.121429 
389 , 0.031210, 0.029888, 0.159824 , 0.027017, -0.030288, 0.127999 
390 , 0.001393, 0.034332, 0.147513 , 0.022918, 0.019063, 0.126873 
391 , -0.010347, 0.037838, 0.163279 , 0.003288, -0.024700, 0.125005 
392 , 0.018078, 0.014080, 0.160068 , 0.006224, -0.022869, 0.116018 
393 , -0.029736, 0.037597, 0.081987 , -0.035098, 0.022210, 0.134152 
394 , 0.005681, 0.012215, 0.164646 , 0.049994, 0.009819, 0.116393 
395 , 0.002519, -0.045431, 0.148264 , 0.039267, 0.005110, 0.090700 
396 , -0.049466, 0.043329, 0.146750 , -0.040017, -0.036917, 0.150449 
397 , -0.011840, 0.026232, 0.071525 , -0.017345, -0.048383, 0.072511 
398 , -0.013018, -0.049374, 0.088011 , 0.007460, 0.024645, 0.100469 
399 , -0.006059, -0.038525, 0.147699 , -0.010524, -0.018014, 0.158429 
400 , 0.009716, 0.006438, 0.152271 , 0.008477, -0.026360, 0.097160 
401 , -0.026592, 0.012679, 0.130542 , 0.015783, 0.026043, 0.114962 
402 , 0.001149, -0.032446, 0.106987 , -0.002901, 0.048437, 0.153702 
403 , -0.047784, -0.042673, 0.074259 , -0.011061, -0.018282, 0.158228 
404 , 0.033233, 0.007350, 0.114419 , -0.010530, 0.041974, 0.117196 
405 , -0.038739, 0.036096, 0.106792 , 0.025283, 0.049573, 0.087883 
406 , -0.046982, -0.003465, 0.076838 , -0.014455, -0.015975, 0.159397 
407 , -0.047958, 0.044226, 0.143121 , 0.027667, 0.027627, 0.140072 
408 , 0.011412, -0.045596, 0.070283 , 0.005403, 0.019768, 0.078532 
409 , -0.021358, 0.023144, 0.098009 , -0.015230, 0.000978, 0.156147 
410 , 0.044464, 0.042496, 0.151132 , 0.007021, 0.043973, 0.134176 
411 , -0.019335, 0.049091, 0.107512 , 0.044031, 0.010469, 0.114104 
412 , -0.033438, 0.022460, 0.069895 , -0.017653, 0.000276, 0.086958 
413 , -0.048456, -0.034259, 0.118679 , -0.019915, 0.034869, 0.119595 
414 , -0.015065, -0.049878, 0.076652 , -0.021422, 0.004857, 0.065079 
415 , 0.026568, -0.042361, 0.156757 , 0.030605, -0.029125, 0.103362 
416 , -0.005211, 0.027502, 0.152408 , 0.041513, 0.003868, 0.129422 
417 , -0.025014, 0.011290, 0.129348 , 0.021383, 0.045370, 0.122027 
418 , -0.035488, -0.015267, 0.150842 , 0.027828, 0.024090, 0.159186 
419 , 0.030642, -0.039120, 0.076817 , -0.047461, 0.044256, 0.109032 
420 , -0.029717, 0.013750, 0.084770 , -0.016787, 0.026067, 0.129898 
421 , 0.045401, -0.034603, 0.128411 , -0.032235, -0.007717, 0.072691 
422 , -0.010549, 0.025604, 0.141705 , 0.033166, 0.019201, 0.105699 
423 , -0.000151, 0.014092, 0.073353 , -0.021587, -0.031768, 0.088164 
424 , 0.012123, -0.046731, 0.162903 , -0.016628, 0.048102, 0.117742 
425 , -0.044430, 0.007125, 0.106423 , -0.035620, -0.010213, 0.080253 
426 , -0.019771, -0.028143, 0.070240 , -0.023473, 0.009630, 0.150595 
427 , -0.016594, 0.008300, 0.157261 , 0.023595, -0.047439, 0.143915 
428 , 0.013567, -0.041928, 0.075358 , 0.002489, 0.009954, 0.108556 
429 , -0.047940, 0.016720, 0.162879 , -0.007967, -0.042431, 0.099297 
430 , 0.032086, -0.039190, 0.155359 , 0.008605, 0.021038, 0.083693 
431 , 0.011446, -0.045724, 0.092705 , 0.006099, 0.011553, 0.128283 
432 , 0.033859, 0.004747, 0.129510 , 0.007134, 0.045907, 0.097542 
433 , -0.044882, 0.015844, 0.085521 , 0.029290, 0.034536, 0.089296 
434 , 0.038083, -0.001164, 0.121301 , 0.026586, -0.047913, 0.138293 
435 , -0.003804, -0.020986, 0.107705 , 0.014956, -0.041015, 0.157346 
436 , -0.047494, -0.028460, 0.140207 , 0.003920, -0.017415, 0.065363 
437 , 0.041119, 0.020318, 0.092134 , 0.027102, -0.045047, 0.086104 
438 , -0.025365, 0.004717, 0.067567 , -0.035611, 0.003758, 0.103258 
439 , -0.004353, 0.034716, 0.067136 , -0.008947, -0.034457, 0.138980 
440 , -0.013900, -0.012011, 0.080952 , -0.013994, -0.000487, 0.096507 
441 , -0.012542, 0.005339, 0.134842 , -0.004106, -0.012859, 0.085942 
442 , 0.049579, -0.034484, 0.101344 , -0.004595, -0.028872, 0.147659 
443 , 0.039724, 0.020266, 0.108315 , 0.020513, -0.021276, 0.113112 
444 , -0.032400, -0.002980, 0.097585 , -0.007933, -0.047851, 0.110137 
445 , -0.019988, -0.016762, 0.066895 , 0.005193, 0.034640, 0.141876 
446 , 0.012691, 0.004927, 0.132403 , 0.047714, -0.002327, 0.157850 
447 , 0.018963, 0.015236, 0.139020 , 0.040545, 0.005263, 0.104451 
448 , -0.011873, 0.029556, 0.084428 , -0.022222, -0.042560, 0.103453 
449 , -0.016982, -0.006304, 0.071989 , -0.004271, -0.000136, 0.072801 
450 , 0.028762, -0.035864, 0.130548 , 0.031832, -0.007924, 0.087092 
451 , 0.035678, 0.026357, 0.098042 , -0.042206, -0.043933, 0.087709 
452 , 0.001265, -0.008367, 0.122991 , -0.000191, 0.041873, 0.107561 
453 , -0.028466, 0.006487, 0.156046 , 0.004042, 0.010308, 0.084938 
454 , 0.013131, -0.004820, 0.145523 , -0.019048, 0.007503, 0.117675 
455 , 0.017632, 0.046500, 0.078254 , -0.020769, -0.046377, 0.065345 
456 , -0.010134, -0.035989, 0.083110 , 0.012304, -0.047998, 0.155826 
457 , 0.026333, 0.036706, 0.101497 , -0.000404, 0.007186, 0.105803 
458 , 0.029727, -0.033193, 0.089436 , 0.003664, -0.016579, 0.135501 
459 , -0.005782, 0.026168, 0.112124 , -0.044537, 0.001921, 0.157813 
460 , -0.004665, 0.014272, 0.086647 , -0.024145, 0.027523, 0.164722 
461 , -0.008669, -0.027499, 0.084123 , 0.034387, -0.003383, 0.130700 
462 , -0.048376, -0.017159, 0.081691 , 0.049194, 0.049884, 0.117208 
463 , 0.035122, -0.042520, 0.119790 , 0.036648, 0.018880, 0.106258 
464 , 0.009426, 0.021435, 0.133648 , -0.020992, 0.036795, 0.127206 
465 , -0.006474, 0.015337, 0.152304 , 0.005049, -0.036694, 0.081697 
466 , -0.015908, 0.013033, 0.156394 , -0.014861, -0.005678, 0.129788 
467 , -0.048508, -0.029351, 0.119588 , 0.040811, 0.031277, 0.087797 
468 , 0.028552, 0.013070, 0.091008 , -0.027773, -0.025097, 0.118569 
469 , 0.025396, 0.032678, 0.068842 , 0.027474, 0.046704, 0.079127 
470 , -0.049872, 0.036419, 0.132278 , -0.012291, -0.009142, 0.142676 
471 , -0.040374, 0.042978, 0.101113 , 0.034719, 0.032153, 0.143222 
472 , -0.029437, 0.014904, 0.143665 , 0.014388, 0.024203, 0.114806 
473 , -0.010164, 0.023266, 0.115261 , 0.023904, -0.020330, 0.125555 
474 , 0.038525, -0.002809, 0.145142 , 0.044446, -0.007906, 0.152375 
475 , 0.007121, 0.020324, 0.160755 , 0.027255, 0.000740, 0.117239 
476 , -0.045929, 0.012929, 0.108248 , 0.031765, -0.022643, 0.123455 
477 , 0.007576, -0.005159, 0.158582 , 0.022558, -0.010326, 0.102269 
478 , 0.014394, -0.026955, 0.142749 , -0.030532, -0.016604, 0.119558 
479 , -0.038437, -0.048898, 0.099745 , -0.024755, -0.015105, 0.111217 
480 , 0.040216, 0.028014, 0.109264 , -0.010491, 0.022903, 0.126977 
481 , -0.012899, -0.045636, 0.080635 , -0.030273, -0.037567, 0.078263 
482 , -0.007772, -0.043954, 0.142267 , 0.031213, -0.000279, 0.118685 
483 , -0.038305, 0.032775, 0.084718 , 0.001854, 0.046014, 0.148407 
484 , 0.036972, 0.003008, 0.117770 , -0.024364, -0.006728, 0.138601 
485 , -0.042929, 0.010775, 0.069868 , -0.045602, -0.031884, 0.131735 
486 , -0.028552, 0.045990, 0.150174 , -0.007356, 0.004875, 0.100105 
487 , 0.031085, -0.029199, 0.070747 , 0.027416, -0.033566, 0.151679 
488 , -0.034039, 0.002361, 0.152530 , -0.002492, -0.024639, 0.070695 
489 , -0.038748, -0.009804, 0.075611 , 0.045355, 0.049991, 0.084037 
490 , 0.034448, -0.043753, 0.144699 , -0.035986, 0.033349, 0.164664 
491 , -0.045712, -0.049838, 0.086885 , 0.012807, 0.019399, 0.133758 
492 , -0.008266, 0.024221, 0.143707 , -0.009175, -0.016436, 0.115618 
493 , 0.015932, -0.036300, 0.124911 , 0.040774, -0.024401, 0.146210 
494 , 0.007125, 0.032153, 0.120724 , -0.031912, -0.005416, 0.150815 
495 , 0.015551, 0.019326, 0.084227 , 0.015297, 0.001433, 0.099968 
496 , 0.013570, 0.025054, 0.159015 , 0.041095, -0.004668, 0.139075 
497 , 0.029836, -0.012481, 0.101787 , 0.030364, -0.049554, 0.077906 
498 , -0.018044, -0.018175, 0.097224 , 0.017876, 0.039789, 0.134240 
499 , -0.000053, -0.013277, 0.146439 , -0.043072, 0.027300, 0.163456 
500 , 0.019765, -0.043262, 0.092412 , 0.017635, 0.049203, 0.085991 
501 , -0.013442, -0.044211, 0.089070 , -0.030047, -0.005843, 0.158945 
502 , 0.003529, 0.019567, 0.087175 , 0.006865, -0.008773, 0.139944 
503 , -0.042929, 0.029757, 0.162821 , 0.005345, -0.012590, 0.072913 
504 , 0.004454, 0.016204, 0.115252 , 0.020043, 0.005361, 0.098857 
505 , -0.010518, -0.034210, 0.072666 , -0.031393, -0.020852, 0.073225 
506 , 0.016582, 0.021694, 0.129980 , 0.011760, 0.034017, 0.066871 
507 , 0.027200, 0.016256, 0.163846 , -0.032824, -0.032272, 0.152851 
508 , 0.046878, 0.007497, 0.089970 , 0.037188, -0.031323, 0.148599 
509 , -0.030798, -0.004338, 0.108379 , -0.011769, 0.031811, 0.105266 
510 , -0.023434, -0.005098, 0.086397 , 0.007720, -0.029574, 0.125012 
511 , 0.029968, 0.038488, 0.119207 , -0.006111, 0.032235, 0.156278 
512 , -0.046802, 0.016433, 0.146252 , 0.018700, -0.025726, 0.077925 
513 , -0.046561, -0.005342, 0.151184 , -0.044317, -0.003835, 0.149161 
514 , 0.022686, -0.042859, 0.095952 , -0.003917, 0.036673, 0.085014 
515 , 0.015542, -0.040374, 0.098372 , 0.000142, -0.032205, 0.129989 
516 , -0.039206, -0.002321, 0.119695 , -0.041067, 0.035540, 0.157199 
517 , -0.000526, -0.014129, 0.147034 , -0.012606, -0.039950, 0.130069 
518 , 0.013433, 0.030960, 0.096870 , 0.044607, -0.017788, 0.140292 
519 , -0.021709, -0.027258, 0.093611 , -0.005348, -0.008373, 0.092265 
520 , 0.005055, -0.025628, 0.152997 , -0.006517, -0.045303, 0.152786 
521 , -0.010949, -0.018529, 0.087163 , 0.026455, 0.043786, 0.138205 
522 , 0.024660, 0.049359, 0.108483 , 0.040201, 0.011556, 0.081633 
523 , 0.032955, -0.027718, 0.105568 , 0.023547, 0.021206, 0.123119 
524 , 0.048669, -0.049771, 0.159620 , 0.008138, -0.004143, 0.107927 
525 , -0.014177, 0.010430, 0.124886 , -0.007753, -0.048654, 0.075315 
526 , 0.010106, -0.025835, 0.076167 , -0.045840, -0.011461, 0.084315 
527 , -0.046680, 0.038058, 0.091286 , 0.026232, 0.006670, 0.067033 
528 , -0.026565, 0.034161, 0.149954 , -0.039618, 0.020544, 0.136084 
529 , -0.044742, -0.041235, 0.154871 , 0.042541, -0.015963, 0.113671 
530 , 0.024450, 0.026897, 0.078758 , 0.019912, 0.003136, 0.107705 
531 , -0.026608, 0.031732, 0.074772 , 0.003743, 0.025771, 0.148181 
532 , 0.034552, -0.022640, 0.120004 , 0.013384, -0.014248, 0.126809 
533 , 0.047064, 0.022280, 0.154962 , 0.048102, 0.016652, 0.067542 
534 , 0.008855, 0.032095, 0.098473 , 0.023226, 0.000761, 0.107375 
535 , -0.048938, 0.005791, 0.120031 , -0.000389, 0.041281, 0.098180 
536 , -0.022588, 0.022942, 0.102556 , -0.017544, 0.004506, 0.164097 
537 , 0.040112, -0.028219, 0.090462 , -0.020190, 0.036163, 0.077192 
538 , 0.039026, -0.026797, 0.153327 , 0.004967, -0.025954, 0.159711 
539 , -0.005712, 0.025054, 0.066617 , -0.006783, 0.020907, 0.096306 
540 , 0.016915, -0.031976, 0.080842 , -0.005922, -0.031115, 0.157248 
541 , 0.049854, 0.030825, 0.080943 , 0.008269, 0.042883, 0.105358 
542 , 0.035739, -0.039068, 0.092061 , -0.023672, 0.017156, 0.099016 
543 , 0.049753, 0.000627, 0.127685 , 0.005657, 0.019735, 0.122250 
544 , -0.020769, 0.038369, 0.164725 , -0.042666, 0.035580, 0.084227 
545 , -0.001747, -0.034054, 0.129525 , 0.015905, 0.014138, 0.146225 
546 , 0.037906, 0.014107, 0.151575 , 0.046564, 0.042578, 0.067130 
547 , -0.045956, 0.036407, 0.150522 , 0.018093, 0.025130, 0.121328 
548 , 0.006142, -0.024551, 0.129351 , 0.047946, -0.026055, 0.147531 
549 , 0.046200, -0.010598, 0.114684 , 0.021581, 0.030441, 0.146933 
550 , 0.038107, -0.046979, 0.076820 , -0.036795, -0.039584, 0.075541 
551 , 0.047342, -0.011937, 0.139618 , 0.002617, -0.035836, 0.082231 
552 , 0.021795, 0.036102, 0.116344 , 0.004717, -0.023464, 0.142526 
553 , -0.011565, -0.025607, 0.144553 , 0.017711, -0.035839, 0.141537 
554 , -0.019356, 0.005315, 0.103252 , -0.035168, 0.020193, 0.079975 
555 , 0.049554, 0.034512, 0.142190 , -0.034384, -0.026449, 0.127267 
556 , -0.037967, 0.004607, 0.097469 , 0.038537, 0.032171, 0.138330 
557 , 0.010970, -0.017199, 0.073698 , 0.019863, 0.030703, 0.097514 
558 , 0.022094, 0.024322, 0.101732 , 0.046277, 0.015145, 0.067521 
559 , -0.000984, -0.038086, 0.096245 , 0.003624, 0.032052, 0.115066 
560 , -0.033828, 0.017312, 0.100792 , -0.046133, -0.038553, 0.071162 
561 , 0.011010, 0.005440, 0.082447 , 0.028878, 0.002165, 0.074726 
562 , -0.045663, 0.019924, 0.085957 , 0.036364, 0.049014, 0.156241 
563 , -0.046335, -0.039843, 0.141119 , -0.028320, -0.044604, 0.155848 
564 , 0.031304, -0.000267, 0.099370 , -0.017284, 0.014834, 0.150202 
565 , -0.020626, 0.014757, 0.118664 , 0.005464, -0.016478, 0.096919 
566 , -0.009871, 0.001924, 0.082380 , -0.011843, -0.034643, 0.107271 
567 , -0.045309, 0.031832, 0.090523 , -0.035806, -0.046280, 0.139129 
568 , 0.029095, 0.016173, 0.162409 , 0.031130, 0.033169, 0.075944 
569 , 0.045428, 0.030105, 0.102040 , -0.042685, -0.048706, 0.135705 
570 , 0.011119, 0.035904, 0.162638 , -0.018316, 0.039331, 0.149442 
571 , -0.047275, 0.013713, 0.068095 , 0.008303, -0.048523, 0.073982 
572 , -0.014919, 0.031823, 0.068946 , 0.038174, -0.029254, 0.071073 
573 , -0.015517, -0.004558, 0.090919 , 0.038730, -0.045273, 0.107036 
574 , -0.021575, 0.011565, 0.138455 , 0.039169, 0.031988, 0.116372 
575 , -0.003496, 0.010765, 0.105443 , -0.030276, -0.030139, 0.141751 
576 , 0.020461, -0.012630, 0.084016 , 0.047415, -0.019158, 0.123812 
577 , -0.012255, -0.030404, 0.111565 , -0.037313, -0.020559, 0.080204 
578 , 0.005660, 0.023617, 0.119088 , -0.047235, 0.007088, 0.096095 
579 , -0.015954, 0.042608, 0.102693 , -0.028872, -0.028277, 0.161286 
580 , -0.043600, -0.013878, 0.097322 , -0.009087, -0.036236, 0.143777 
581 , -0.005287, 0.028982, 0.149976 , 0.025512, -0.026376, 0.099318 
582 , -0.005510, -0.034896, 0.131240 , 0.024813, 0.010381, 0.093159 
583 , -0.023681, 0.002504, 0.151538 , 0.022991, -0.030996, 0.066694 
584 , -0.019170, -0.006401, 0.124413 , -0.014299, -0.022597, 0.130343 
585 , -0.011885, -0.017168, 0.106169 , 0.043921, 0.036703, 0.117284 
586 , 0.032672, 0.033303, 0.101470 , 0.020534, 0.011409, 0.103237 
587 , -0.026586, 0.028848, 0.120779 , -0.033053, -0.007347, 0.097563 
588 , -0.022274, 0.049649, 0.070344 , 0.042767, 0.010277, 0.153507 
589 , -0.048672, 0.000945, 0.110997 , 0.004677, -0.029504, 0.142297 
590 , -0.045389, 0.048041, 0.101128 , 0.033303, 0.007799, 0.100231 
591 , -0.046777, -0.010857, 0.104375 , 0.031661, 0.025039, 0.101686 
592 , 0.018929, -0.006944, 0.155875 , -0.011461, 0.017077, 0.147238 
593 , -0.011702, -0.046094, 0.105422 , 0.026687, -0.007085, 0.096819 
594 , -0.035598, -0.017415, 0.153781 , -0.037649, -0.007930, 0.135898 
595 , -0.027398, -0.023498, 0.132000 , 0.001176, -0.005110, 0.150318 
596 , 0.018426, -0.001338, 0.106093 , -0.001122, 0.016713, 0.115346 
597 , 0.005956, -0.034161, 0.082325 , 0.035601, 0.014104, 0.089067 
598 , 0.021377, 0.006993, 0.105110 , 0.003032, -0.019085, 0.151938 
599 , 0.031042, 0.018612, 0.142068 , -0.004222, 0.034701, 0.065882 
600 , 0.049149, 0.026952, 0.101647 , 0.045553, -0.047131, 0.149838 
601 , -0.040854, -0.020376, 0.090800 , -0.049072, -0.024862, 0.096999 
602 , -0.011855, 0.043973, 0.155374 , 0.049527, 0.007015, 0.104622 
603 , -0.003151, -0.000777, 0.117300 , -0.034640, 0.000661, 0.162244 
604 , 0.022277, -0.013814, 0.092369 , -0.044781, 0.017043, 0.161768 
605 , -0.041940, 0.034634, 0.102956 , -0.014342, 0.049182, 0.164799 
606 , 0.041156, 0.037231, 0.154285 , 0.010097, -0.026684, 0.101888 
607 , -0.004186, -0.007854, 0.082762 , -0.004726, -0.044925, 0.097395 
608 , 0.029034, 0.006999, 0.073466 , -0.019073, 0.034088, 0.124612 
609 , 0.038131, -0.043023, 0.143201 , -0.041656, 0.005162, 0.111843 
610 , 0.043728, 0.032351, 0.158460 , 0.034817, -0.030151, 0.152960 
611 , -0.037625, 0.007720, 0.066410 , 0.024688, 0.011293, 0.138733 
612 , 0.044980, 0.029510, 0.124197 , -0.013921, 0.010274, 0.130117 
613 , -0.007527, -0.037774, 0.080049 , 0.017742, 0.033941, 0.154224 
614 , -0.018392, -0.029861, 0.151337 , -0.044208, -0.046994, 0.130453 
615 , -0.046692, -0.048193, 0.122146 , -0.022546, 0.041113, 0.140771 
616 , -0.003191, 0.002925, 0.109032 , 0.040930, 0.043820, 0.156668 
617 , -0.033197, -0.029348, 0.080421 , -0.020113, 0.036993, 0.138690 
618 , -0.038986, -0.007506, 0.125591 , 0.039923, -0.012648, 0.144977 
619 , 0.023882, -0.002721, 0.115352 , 0.005467, 0.044717, 0.135379 
620 , -0.008351, -0.002336, 0.141336 , 0.031567, -0.002049, 0.150134 
621 , 0.016863, 0.034967, 0.126434 , -0.022259, -0.022430, 0.089155 
622 , -0.030816, -0.039248, 0.128070 , -0.045898, 0.049905, 0.132254 
623 , -0.033471, -0.032015, 0.070948 , 0.044519, -0.016906, 0.134512 
624 , 0.008855, 0.029958, 0.109527 , -0.018612, 0.036444, 0.117242 
625 , 0.028335, -0.019463, 0.094691 , 0.023269, -0.005623, 0.065687 
626 , -0.002586, -0.013439, 0.067185 , 0.042990, -0.003050, 0.152732 
627 , 0.012038, 0.035257, 0.083934 , -0.017345, -0.027041, 0.145459 
628 , -0.045694, -0.001048, 0.065763 , -0.014892, 0.021667, 0.131427 
629 , -0.000740, -0.041852, 0.098097 , -0.017937, -0.022265, 0.135974 
630 , 0.026623, -0.024773, 0.082875 , 0.019210, -0.006667, 0.103679 
631 , -0.006801, 0.026879, 0.092436 , 0.041043, 0.044174, 0.098558 
632 , -0.022787, 0.036337, 0.077107 , -0.044790, -0.024871, 0.151203 
633 , -0.015020, 0.009212, 0.090144 , -0.039544, 0.008275, 0.159321 
634 , -0.024627, -0.018413, 0.078996 , -0.033889, 0.004250, 0.143805 
635 , -0.029006, 0.048578, 0.113256 , -0.032678, -0.040344, 0.087452 
636 , 0.049399, -0.031573, 0.139197 , -0.019042, 0.000542, 0.151001 
637 , 0.005544, 0.043518, 0.131701 , 0.005119, -0.041922, 0.083125 
638 , 0.010451, -0.021648, 0.118261 , -0.047012, 0.049545, 0.130368 
639 , 0.023266, 0.018007, 0.139914 , 0.041485, -0.002162, 0.121804 
640 , 0.007097, -0.009194, 0.152411 , -0.000136, -0.030663, 0.164554 
641 , 0.015618, 0.029452, 0.120327 , 0.015181, -0.045618, 0.151883 
642 , 0.019878, 0.036990, 0.079643 , -0.037176, 0.020513, 0.068778 
643 , -0.004125, 0.011235, 0.103197 , -0.005806, -0.002455, 0.092537 
644 , -0.044729, -0.044595, 0.160563 , -0.018316, -0.031262, 0.140735 
645 , 0.036941, -0.003249, 0.082057 , -0.033175, 0.005724, 0.128634 
646 , 0.048486, 0.021056, 0.078318 , 0.032516, -0.040808, 0.074717 
647 , 0.016405, 0.021722, 0.094218 , 0.037689, -0.034561, 0.149579 
648 , 0.034381, -0.029873, 0.152045 , 0.024895, 0.012307, 0.111928 
649 , -0.046789, -0.048276, 0.125704 , -0.049579, -0.009380, 0.128988 
650 , -0.004054, -0.007924, 0.148084 , 0.005611, 0.000169, 0.148746 
651 , -0.029711, 0.031802, 0.149945 , 0.009108, 0.045953, 0.092076 
652 , 0.049698, 0.010958, 0.123522 , -0.034323, 0.012969, 0.074891 
653 , -0.032467, 0.004988, 0.159653 , 0.020113, 0.008754, 0.067582 
654 , -0.022668, 0.027895, 0.086259 , -0.002449, -0.025146, 0.163392 
655 , 0.039523, -0.003319, 0.101244 , 0.026379, -0.046323, 0.071159 
656 , -0.036905, 0.046564, 0.106093 , -0.000587, 0.018578, 0.084102 
657 , 0.022329, 0.011699, 0.071153 , -0.044070, -0.005370, 0.117077 
658 , 0.046149, -0.046469, 0.161139 , -0.026605, -0.021694, 0.162800 
659 , 0.003810, 0.040912, 0.083451 , -0.043454, -0.031680, 0.105138 
660 , 0.047357, -0.024590, 0.153971 , 0.014650, 0.009966, 0.157624 
661 , -0.018245, 0.024300, 0.068128 , 0.038412, -0.006249, 0.079634 
662 , -0.020113, -0.015444, 0.081883 , 0.038064, -0.001488, 0.074796 
663 , 0.004250, -0.032629, 0.109404 , -0.003337, -0.007900, 0.107274 
664 , 0.002950, -0.024624, 0.095628 , 0.039605, -0.038525, 0.095470 
665 , -0.023360, -0.042267, 0.083464 , 0.035702, 0.001289, 0.070908 
666 , 0.028079, -0.017071, 0.130972 , 0.039059, 0.008187, 0.135547 
667 , -0.030505, -0.021236, 0.104982 , -0.032879, -0.030316, 0.125982 
668 , 0.037347, -0.034152, 0.147516 , 0.001131, -0.035983, 0.110457 
669 , 0.011892, -0.032794, 0.141806 , 0.003163, -0.036740, 0.116524 
670 , 0.022832, 0.025369, 0.159098 , -0.018291, 0.019069, 0.126614 
671 , 0.004442, 0.011596, 0.107167 , 0.017534, -0.029391, 0.097591 
672 , 0.006804, -0.017650, 0.090184 , -0.003780, 0.010613, 0.071565 
673 , 0.036422, 0.038391, 0.088844 , -0.004506, 0.040194, 0.161060 
674 , -0.048117, -0.015786, 0.142606 , -0.043091, -0.001274, 0.124606 
675 , 0.041379, -0.017351, 0.124578 , 0.045080, 0.034191, 0.111562 
676 , 0.020675, -0.036377, 0.107000 , -0.024029, 0.044443, 0.159806 
677 , -0.024425, -0.009822, 0.083146 , -0.008678, 0.033306, 0.089543 
678 , -0.005858, 0.020785, 0.103404 , -0.018657, 0.049841, 0.163270 
679 , -0.046319, 0.047983, 0.160529 , 0.025369, -0.023043, 0.088228 
680 , 0.008190, -0.048733, 0.085280 , 0.042090, -0.030609, 0.136560 
681 , 0.026049, -0.010085, 0.150415 , 0.030328, -0.026830, 0.161429 
682 , 0.017742, -0.008773, 0.091405 , -0.049783, -0.047992, 0.108098 
683 , 0.031970, -0.025594, 0.098567 , -0.044205, -0.037426, 0.069028 
684 , 0.047769, 0.001833, 0.079991 , -0.044156, 0.023101, 0.124465 
685 , 0.013298, -0.018874, 0.100301 , -0.037158, -0.029113, 0.157071 
686 , 0.040582, -0.035110, 0.129418 , 0.002513, -0.033950, 0.143451 
687 , 0.022784, 0.023473, 0.150531 , 0.011415, 0.034252, 0.119244 
688 , -0.041198, 0.011428, 0.139911 , -0.040402, 0.012505, 0.100749 
689 , 0.011492, 0.023757, 0.105706 , 0.011974, 0.031768, 0.136731 
690 , -0.046628, -0.044821, 0.120596 , -0.001308, 0.000786, 0.072150 
691 , 0.029754, 0.047955, 0.067072 , 0.013283, 0.009679, 0.143228 
692 , -0.044037, -0.047162, 0.096288 , 0.010744, 0.011888, 0.103112 
693 , 0.025900, 0.046908, 0.144568 , 0.048196, 0.031487, 0.112044 
694 , 0.005196, -0.037088, 0.118346 , 0.010961, 0.042349, 0.127606 
695 , -0.022723, 0.000835, 0.110747 , 0.009322, 0.038446, 0.112142 
696 , -0.034002, 0.025130, 0.114043 , 0.028222, 0.023431, 0.148068 
697 , 0.037835, 0.014058, 0.104164 , -0.023534, -0.045230, 0.130011 
698 , -0.048468, 0.032180, 0.158756 , 0.025985, 0.045972, 0.098403 
699 , 0.036691, -0.043219, 0.091508 , -0.032318, 0.021953, 0.104198 
700 , 0.007018, 0.015758, 0.105407 , -0.048520, 0.000246, 0.161814 
701 , 0.012065, 0.000822, 0.147913 , 0.035849, -0.003444, 0.069474 
702 , -0.035174, 0.018703, 0.155506 , -0.039874, -0.009713, 0.065433 
703 , 0.014931, 0.046152, 0.164802 , -0.017394, -0.004152, 0.157380 
704 , 0.030300, -0.024822, 0.106124 , 0.011986, 0.031942, 0.123580 
705 , -0.033251, -0.014843, 0.144656 , 0.011596, 0.025680, 0.150122 
706 , 0.007521, -0.029296, 0.157303 , -0.012807, -0.005864, 0.151499 
707 , 0.005721, 0.001451, 0.092073 , -0.007225, -0.025060, 0.134680 
708 , 0.024590, 0.003966, 0.114098 , 0.017186, -0.007347, 0.121508 
709 , 0.005843, -0.049881, 0.160471 , -0.040219, 0.011028, 0.153949 
710 , -0.032394, 0.022253, 0.067799 , -0.021352, -0.004161, 0.083403 
711 , 0.003230, 0.016332, 0.163846 , 0.012175, -0.039380, 0.101845 
712 , -0.017110, -0.047601, 0.090578 , 0.047003, -0.048407, 0.120986 
713 , 0.014025, -0.000911, 0.112954 , 0.044409, 0.010228, 0.159250 
714 , -0.043329, -0.000877, 0.128015 , -0.043637, -0.004979, 0.066590 
715 , -0.021740, 0.017086, 0.085252 , -0.026537, 0.010790, 0.117602 
716 , 0.031765, 0.032598, 0.123834 , -0.037188, 0.046121, 0.145526 
717 , 0.014122, -0.016503, 0.088032 , -0.013009, 0.020809, 0.087111 
718 , -0.029546, 0.037173, 0.161252 , -0.042151, -0.043112, 0.072233 
719 , 0.016897, 0.046603, 0.124081 , -0.016185, -0.027728, 0.136386 
720 , 0.023122, 0.043112, 0.155307 , 0.028942, 0.017241, 0.070112 
721 , -0.012963, 0.043078, 0.119247 , 0.028707, -0.006127, 0.160389 
722 , 0.011867, 0.013182, 0.080522 , 0.013988, -0.020962, 0.136847 
723 , 0.021703, -0.039117, 0.121325 , -0.006706, -0.024252, 0.123589 
724 , -0.011467, 0.006044, 0.068311 , 0.046637, 0.007704, 0.127075 
725 , -0.045849, -0.041412, 0.129559 , 0.004970, 0.010280, 0.075187 
726 , -0.023431, -0.011776, 0.158478 , 0.039264, 0.020739, 0.074397 
727 , -0.024630, 0.038009, 0.164237 , -0.024300, -0.006832, 0.083284 
728 , -0.043991, 0.016649, 0.139184 , 0.000554, 0.022518, 0.124429 
729 , 0.022271, 0.017049, 0.135641 , 0.032562, 0.019301, 0.084861 
730 , 0.001012, -0.036483, 0.159809 , 0.034503, -0.005251, 0.100923 
731 , -0.033090, -0.000380, 0.121859 , 0.021938, -0.042328, 0.098467 
732 , 0.029312, 0.005452, 0.150965 , 0.017748, -0.048001, 0.076750 
733 , -0.008971, -0.010521, 0.114678 , 0.009224, 0.039807, 0.096474 
734 , -0.027041, 0.048791, 0.136191 , 0.002104, 0.021599, 0.071632 
735 , -0.019683, 0.044919, 0.143088 , 0.045880, 0.046020, 0.083778 
736 , 0.029733, 0.012853, 0.069563 , 0.039154, -0.042657, 0.148529 
737 , 0.022814, 0.021123, 0.133654 , 0.025787, 0.023925, 0.079808 
738 , 0.004564, 0.043139, 0.083696 , -0.026217, 0.046393, 0.130508 
739 , 0.045740, -0.002867, 0.117208 , 0.002709, 0.023510, 0.150754 
740 , 0.000414, -0.023766, 0.082441 , 0.003566, 0.018642, 0.110024 
741 , -0.024801, 0.034201, 0.141171 , -0.009236, -0.016778, 0.088832 
742 , -0.032101, 0.028390, 0.162717 , -0.049210, 0.018096, 0.072431 
743 , -0.046863, -0.037484, 0.096947 , 0.019793, -0.048608, 0.085542 
744 , -0.026873, 0.029574, 0.099776 , 0.044128, 0.045444, 0.105638 
745 , -0.004149, 0.043115, 0.121719 , -0.032537, -0.022622, 0.095692 
746 , -0.006984, -0.025054, 0.080375 , -0.043338, 0.031356, 0.117782 
747 , 0.028500, 0.001830, 0.084016 , 0.040039, -0.043188, 0.139160 
748 , -0.002422, 0.015554, 0.118127 , -0.002681, 0.049802, 0.134759 
749 , -0.020037, -0.017782, 0.112490 , 0.023611, -0.034655, 0.137195 
750 , 0.028472, -0.039831, 0.135473 , 0.002437, 0.030773, 0.099547 
751 , -0.027544, 0.014315, 0.077168 , -0.022246, -0.034793, 0.130200 
752 , 0.033206, 0.010164, 0.146625 , 0.024435, -0.018184, 0.145126 
753 , -0.009828, 0.046033, 0.082676 , -0.006569, 0.019030, 0.073789 
754 , -0.035601, -0.000780, 0.125878 , -0.035595, -0.022292, 0.162937 
755 , -0.038507, 0.034191, 0.082725 , -0.012993, -0.004756, 0.160093 
756 , 0.003462, -0.040173, 0.095625 , 0.045566, 0.027688, 0.138693 
757 , 0.038980, 0.041964, 0.075254 , -0.047708, -0.000536, 0.161066 
758 , 0.018038, -0.011580, 0.118481 , -0.025658, -0.020415, 0.077482 
759 , 0.011614, 0.039639, 0.087642 , 0.042474, 0.016231, 0.140820 
760 , 0.012633, 0.030993, 0.127896 , -0.013906, -0.029745, 0.089982 
761 , 0.033670, -0.044424, 0.111294 , 0.003783, -0.004530, 0.133709 
762 , -0.018215, -0.038879, 0.081590 , 0.022234, -0.018328, 0.161670 
763 , 0.004500, -0.025732, 0.095049 , 0.032818, -0.031948, 0.135156 
764 , 0.025124, -0.027758, 0.072270 , 0.035678, 0.012053, 0.076948 
765 , -0.016259, 0.028298, 0.156745 , -0.020653, 0.024844, 0.102016 
766 , 0.033749, -0.043945, 0.079869 , -0.028488, 0.021401, 0.120013 
767 , -0.023809, -0.018865, 0.122299 , -0.033471, 0.043585, 0.109411 
768 , 0.007250, -0.011074, 0.099843 , 0.019716, -0.039154, 0.124337 
769 , -0.029174, 0.047656, 0.151740 , -0.049631, -0.001985, 0.160868 
770 , 0.010784, -0.001802, 0.131753 , -0.013195, 0.045141, 0.092692 
771 , -0.031735, 0.049188, 0.161506 , -0.009691, 0.033605, 0.098650 
772 , 0.031545, 0.030236, 0.162623 , -0.016646, -0.022314, 0.159537 
773 , -0.018892, -0.049976, 0.102397 , -0.047186, 0.044229, 0.111196 
774 , 0.044046, -0.007875, 0.129364 , -0.025854, -0.012496, 0.117654 
775 , 0.041491, -0.027725, 0.102605 , 0.019893, 0.034237, 0.084437 
776 , 0.043551, -0.011153, 0.094707 , -0.012041, -0.012542, 0.080949 
777 , 0.000243, 0.035861, 0.135107 , 0.024306, 0.000212, 0.094002 
778 , -0.042959, 0.027877, 0.120950 , 0.033734, 0.013158, 0.105220 
779 , -0.047983, 0.020632, 0.118893 , -0.016549, 0.016857, 0.085069 
780 , -0.008885, 0.013005, 0.075962 , 0.020107, -0.048083, 0.138843 
781 , -0.029214, -0.002589, 0.113326 , -0.046249, -0.038659, 0.136816 
782 , 0.026162, -0.000688, 0.155790 , 0.025137, 0.021096, 0.125195 
783 , -0.009960, 0.024850, 0.115069 , -0.022585, -0.039486, 0.158307 
784 , 0.016198, 0.031143, 0.158197 , 0.013063, 0.005251, 0.128713 
785 , 0.012114, -0.041021, 0.116894 , 0.043457, -0.004674, 0.112685 
786 , 0.003746, 0.034970, 0.091624 , 0.045062, 0.011449, 0.106475 
787 , -0.019036, -0.027636, 0.137802 , 0.034854, 0.046869, 0.116604 
788 , 0.009148, -0.011000, 0.153815 , -0.019228, -0.047888, 0.097142 
789 , 0.002834, 0.029650, 0.083802 , -0.016286, 0.018377, 0.111663 
790 , 0.003618, 0.041430, 0.164576 , 0.017565, 0.014785, 0.149170 
791 , 0.049097, 0.016463, 0.148743 , 0.006325, 0.017592, 0.154859 
792 , 0.025518, -0.000789, 0.087004 , -0.035662, 0.028176, 0.160157 
793 , 0.025732, -0.031494, 0.114519 , 0.039944, 0.033862, 0.124795 
794 , 0.049130, -0.040829, 0.121569 , -0.003206, -0.016109, 0.149191 
795 , 0.043789, -0.002275, 0.160111 , -0.046753, -0.005693, 0.090632 
796 , -0.034643, 0.003432, 0.107409 , -0.008989, 0.023177, 0.134088 
797 , -0.024837, -0.037613, 0.138760 , -0.047729, 0.033505, 0.140591 
798 , -0.016280, 0.030929, 0.115255 , -0.017779, 0.048096, 0.135379 
799 , 0.028137, -0.021953, 0.132708 , -0.046258, -0.039004, 0.116894 
800 , 0.015004, 0.046951, 0.066291 , 0.045666, -0.033532, 0.078935 
801 , 0.026998, 0.016118, 0.144812 , 0.047659, -0.038961, 0.154032 
802 , 0.043954, -0.017443, 0.161429 , 0.046374, 0.030032, 0.119103 
803 , 0.030142, -0.012896, 0.136490 , 0.021007, 0.008937, 0.067240 
804 , -0.048621, -0.034225, 0.155219 , -0.045209, -0.024941, 0.154221 
805 , -0.028973, -0.044778, 0.071299 , -0.035504, 0.038382, 0.088026 
806 , -0.004933, 0.016390, 0.158957 , -0.024923, 0.024969, 0.156379 
807 , -0.043628, -0.018648, 0.073591 , 0.034167, 0.044110, 0.093651 
808 , 0.008806, -0.013726, 0.107207 , -0.017013, -0.035839, 0.087343 
809 , 0.005907, 0.041192, 0.161518 , -0.010265, -0.045694, 0.127423 
810 , 0.029022, 0.017092, 0.072193 , 0.020190, 0.042581, 0.122463 
811 , -0.031841, 0.015484, 0.163895 , -0.018368, -0.042877, 0.156705 
812 , 0.008272, 0.037259, 0.160431 , 0.041919, 0.020244, 0.154459 
813 , -0.003450, -0.000813, 0.080189 , 0.008473, 0.015630, 0.065467 
814 , 0.025048, -0.029974, 0.075913 , -0.035186, 0.011257, 0.098979 
815 , 0.020241, 0.026449, 0.093056 , 0.016973, -0.044348, 0.128317 
816 , 0.049249, -0.025399, 0.084361 , 0.011827, 0.036569, 0.073805 
817 , -0.005934, -0.041705, 0.092793 , -0.033923, -0.039154, 0.162812 
818 , -0.027319, -0.007888, 0.162720 , 0.001073, 0.044906, 0.073521 
819 , -0.038049, 0.029904, 0.123074 , 0.027261, -0.040664, 0.106987 
820 , -0.036013, 0.018358, 0.068464 , -0.024496, 0.011251, 0.111605 
821 , 0.018184, 0.004262, 0.107351 , 0.042795, 0.036352, 0.118975 
822 , -0.042666, -0.024816, 0.112969 , 0.020299, -0.027767, 0.151758 
823 , 0.000899, 0.029226, 0.065308 , 0.013933, -0.042785, 0.145523 
824 , 0.034310, 0.002361, 0.073353 , -0.035226, 0.007796, 0.100380 
825 , 0.002174, 0.044708, 0.078712 , 0.040847, 0.035064, 0.156357 
826 , 0.008318, 0.041849, 0.127200 , 0.015801, 0.028552, 0.082042 
827 , 0.029113, 0.036975, 0.116061 , -0.013839, 0.027645, 0.091264 
828 , -0.029095, 0.036328, 0.144470 , 0.019488, -0.021853, 0.069846 
829 , 0.000255, -0.013124, 0.075376 , -0.015947, -0.002373, 0.116692 
830 , 0.009398, 0.013845, 0.121050 , -0.001909, 0.010076, 0.092537 
831 , 0.011736, 0.008895, 0.154590 , -0.033306, 0.020727, 0.138843 
832 , -0.044864, -0.019518, 0.088252 , -0.041009, 0.048239, 0.090254 
833 , -0.042465, 0.027880, 0.108767 , 0.029949, -0.023922, 0.070048 
834 , -0.028155, -0.007097, 0.082682 , 0.022607, -0.009285, 0.140799 
835 , 0.038198, -0.009618, 0.103682 , 0.010231, 0.003218, 0.095390 
836 , 0.043326, 0.032659, 0.110817 , -0.033874, -0.033969, 0.128256 
837 , 0.042425, -0.042596, 0.125030 , -0.005638, -0.039987, 0.136322 
838 , -0.030013, -0.045886, 0.092702 , 0.029955, 0.001378, 0.075904 
839 , 0.035870, -0.024514, 0.152683 , 0.034283, -0.034030, 0.158298 
840 , 0.033547, 0.027911, 0.119112 , -0.016295, 0.012081, 0.115255 
841 , 0.041556, -0.027026, 0.159351 , -0.011443, -0.034744, 0.119192 
842 , 0.039236, -0.048227, 0.106575 , -0.001350, -0.028237, 0.113064 
843 , 0.046252, -0.021621, 0.143051 , -0.037490, -0.006166, 0.105422 
844 , -0.005058, -0.049387, 0.084605 , 0.023498, -0.027450, 0.128280 
845 , 0.017214, 0.007665, 0.152725 , -0.031170, -0.014956, 0.152640 
846 , 0.036648, 0.037747, 0.099559 , 0.010344, 0.034658, 0.120712 
847 , -0.036364, 0.017354, 0.116402 , -0.019390, -0.001915, 0.097853 
848 , -0.040497, -0.040905, 0.069450 , -0.012285, -0.025207, 0.083336 
849 , 0.027245, -0.029653, 0.131277 , -0.001390, 0.003682, 0.159910 
850 , -0.036023, -0.007671, 0.074125 , 0.027554, -0.007274, 0.120129 
851 , 0.036291, 0.011293, 0.125067 , 0.004662, 0.011361, 0.095116 
852 , -0.023620, 0.022713, 0.115160 , 0.002998, -0.014623, 0.141260 
853 , 0.007491, -0.001582, 0.148047 , 0.023083, -0.027276, 0.124996 
854 , -0.046789, -0.032388, 0.129870 , -0.016094, 0.047833, 0.097551 
855 , 0.030111, -0.011333, 0.105117 , -0.038021, 0.045059, 0.082927 
856 , 0.028658, -0.028506, 0.093776 , -0.033105, -0.029360, 0.126086 
857 , 0.016707, 0.023043, 0.087282 , -0.043710, 0.049658, 0.076643 
858 , 0.014620, 0.043332, 0.095943 , -0.013128, -0.007201, 0.128784 
859 , -0.045193, 0.009014, 0.111925 , -0.015514, 0.009279, 0.113415 
860 , 0.012676, -0.041775, 0.121536 , 0.006853, 0.019738, 0.155909 
861 , 0.043979, 0.046878, 0.131243 , -0.019253, -0.000954, 0.084807 
862 , 0.047305, -0.004775, 0.125973 , 0.032995, -0.034259, 0.116292 
863 , -0.047421, -0.003081, 0.118218 , 0.014565, -0.004772, 0.157874 
864 , -0.020196, 0.033077, 0.135061 , -0.048312, 0.030175, 0.086226 
865 , -0.021346, 0.034307, 0.089503 , -0.040454, -0.043777, 0.069660 
866 , 0.012239, -0.024090, 0.155481 , 0.035617, -0.033163, 0.138830 
867 , 0.049277, -0.011492, 0.074607 , 0.023415, 0.020162, 0.071964 
868 , 0.040771, 0.030688, 0.130007 , 0.015593, -0.044119, 0.065821 
869 , 0.042755, 0.014190, 0.090730 , -0.039038, -0.046536, 0.123065 
870 , -0.032171, 0.008229, 0.121813 , -0.034860, 0.037640, 0.113546 
871 , -0.031933, -0.009578, 0.132647 , 0.041925, 0.034787, 0.073490 
872 , 0.032418, -0.030190, 0.162262 , -0.005397, 0.017736, 0.105110 
873 , -0.014101, -0.004921, 0.136999 , -0.004421, 0.008647, 0.142554 
874 , -0.032052, -0.008901, 0.146549 , 0.001735, 0.002864, 0.070579 
875 , 0.005635, -0.048691, 0.130383 , 0.004015, -0.006807, 0.132602 
876 , 0.047031, -0.034616, 0.111583 , -0.024416, -0.023388, 0.156995 
877 , 0.042740, -0.007039, 0.120583 , -0.034124, -0.023577, 0.077824 
878 , 0.022491, 0.017901, 0.080436 , 0.000584, -0.025311, 0.140192 
879 , -0.029177, 0.045813, 0.140384 , 0.002507, -0.014727, 0.074531 
880 , 0.024120, -0.046823, 0.107805 , -0.042279, -0.031051, 0.110228 
881 , -0.047147, -0.028506, 0.103243 , 0.028353, -0.038092, 0.089720 
882 , 0.020409, 0.007298, 0.110805 , -0.030377, 0.019564, 0.152350 
883 , -0.014183, -0.028973, 0.080305 , -0.042517, 0.031649, 0.094853 
884 , 0.004729, 0.026870, 0.119491 , -0.013500, 0.004765, 0.095284 
885 , 0.043210, -0.005263, 0.158042 , -0.031863, -0.003163, 0.121716 
886 , 0.015276, 0.046646, 0.131494 , -0.040240, -0.012523, 0.148862 
887 , 0.049817, -0.044467, 0.085936 , -0.002858, 0.041086, 0.087190 
888 , 0.048215, -0.012328, 0.105107 , 0.000197, 0.028237, 0.102700 
889 , -0.026962, -0.007616, 0.073615 , -0.013912, -0.021767, 0.083891 
890 , -0.026687, 0.047800, 0.075260 , -0.032376, 0.003786, 0.107964 
891 , -0.034787, -0.019167, 0.146732 , -0.048849, 0.030416, 0.083458 
892 , 0.011556, 0.006441, 0.126696 , -0.011153, 0.040719, 0.113946 
893 , 0.041296, 0.037503, 0.121008 , -0.001592, -0.030404, 0.149436 
894 , -0.016039, 0.015508, 0.108730 , -0.049210, 0.023495, 0.081446 
895 , 0.026254, 0.015368, 0.103865 , -0.043469, 0.006966, 0.106603 
896 , -0.008846, -0.001714, 0.126046 , -0.034249, -0.013695, 0.144778 
897 , -0.043439, 0.036770, 0.082920 , 0.048761, -0.035443, 0.163614 
898 , 0.032904, 0.028265, 0.089781 , -0.044476, 0.048050, 0.144257 
899 , -0.029794, -0.039026, 0.110790 , -0.024017, 0.013475, 0.135833 
900 , 0.027117, 0.009670, 0.163376 , -0.048563, -0.000121, 0.101103 
901 , -0.030523, 0.033197, 0.145554 , 0.032861, 0.013070, 0.065253 
902 , 0.037619, 0.031661, 0.087498 , -0.042996, 0.004646, 0.156598 
903 , -0.008947, 0.011904, 0.156266 , 0.028774, 0.035516, 0.084352 
904 , -0.029934, 0.018026, 0.118484 , -0.029824, 0.017650, 0.147345 
905 , -0.032351, 0.021374, 0.152872 , 0.035604, 0.010057, 0.120751 
906 , 0.045444, 0.044253, 0.164579 , 0.012059, -0.011974, 0.138565 
907 , 0.015648, 0.026272, 0.149915 , 0.034078, -0.028588, 0.089598 
908 , 0.010430, 0.043872, 0.154447 , -0.041079, -0.049796, 0.087279 
909 , 0.033087, -0.024804, 0.123412 , -0.019335, 0.046606, 0.070515 
910 , -0.005904, -0.024087, 0.122253 , 0.024410, -0.035241, 0.157224 
911 , 0.042380, 0.010057, 0.070264 , -0.033157, -0.035324, 0.115969 
912 , -0.029763, -0.024596, 0.143759 , -0.011165, 0.018059, 0.157419 
913 , -0.037887, -0.011888, 0.129589 , -0.007387, 0.023623, 0.087993 
914 , 0.034750, -0.041299, 0.107717 , 0.022402, 0.040063, 0.126242 
915 , 0.042364, 0.013601, 0.075312 , 0.026159, -0.001085, 0.070069 
916 , -0.042578, 0.005626, 0.157044 , -0.000746, 0.049692, 0.132864 
917 , 0.047806, 0.025832, 0.139477 , -0.028491, 0.028021, 0.151126 
918 , 0.017547, -0.009792, 0.084047 , 0.049228, -0.012929, 0.117986 
919 , 0.023104, 0.040567, 0.075541 , 0.016097, -0.044748, 0.128430 
920 , -0.017382, -0.018059, 0.114184 , 0.044168, 0.042105, 0.145657 
921 , 0.024883, -0.008406, 0.121120 , -0.019961, -0.028625, 0.126345 
922 , 0.039676, -0.010570, 0.162620 , -0.034326, 0.038662, 0.088139 
923 , -0.045337, -0.030572, 0.069492 , 0.039093, 0.032272, 0.077754 
924 , 0.038452, -0.031729, 0.098030 , -0.048788, -0.016137, 0.115642 
925 , -0.022835, 0.003874, 0.109313 , 0.043091, -0.008885, 0.065061 
926 , -0.044104, -0.034884, 0.098033 , -0.034640, 0.041729, 0.112807 
927 , -0.041662, -0.012523, 0.141806 , 0.001778, 0.028402, 0.067649 
928 , 0.041330, 0.019668, 0.130551 , -0.006835, 0.040649, 0.093837 
929 , 0.007476, -0.013369, 0.134918 , -0.040112, 0.014171, 0.112639 
930 , -0.048392, -0.003362, 0.145548 , 0.002452, -0.026003, 0.138125 
931 , -0.042172, 0.037280, 0.123751 , 0.033370, -0.013131, 0.075858 
932 , 0.035766, -0.030596, 0.111504 , -0.028094, 0.003298, 0.118276 
933 , -0.029943, -0.027963, 0.116643 , 0.028603, -0.016836, 0.129882 
934 , -0.021624, 0.027343, 0.080973 , 0.031915, 0.023302, 0.142371 
935 , -0.007085, -0.024331, 0.116305 , 0.016509, 0.003117, 0.086000 
936 , -0.038858, 0.028616, 0.119622 , 0.014916, -0.001653, 0.082377 
937 , -0.034484, 0.015722, 0.115356 , -0.016567, 0.045080, 0.127023 
938 , -0.048016, -0.029589, 0.083125 , -0.037762, 0.029400, 0.110570 
939 , -0.004381, 0.045248, 0.075666 , 0.030627, -0.005296, 0.077784 
940 , -0.018960, -0.001625, 0.076277 , -0.015749, -0.038900, 0.115810 
941 , -0.001781, 0.024487, 0.150861 , 0.044253, 0.002422, 0.110204 
942 , 0.012993, 0.027224, 0.078721 , 0.020687, -0.011739, 0.121615 
943 , 0.028893, -0.041662, 0.161332 , 0.007796, 0.033758, 0.129785 
944 , -0.024993, -0.005669, 0.071647 , -0.001949, -0.028857, 0.077833 
945 , -0.003768, -0.003438, 0.081211 , -0.021310, 0.026904, 0.140463 
946 , 0.049771, 0.018218, 0.149826 , 0.031002, 0.018871, 0.147855 
947 , -0.012230, -0.006496, 0.146613 , 0.001112, 0.041870, 0.134628 
948 , -0.007131, -0.016207, 0.153397 , -0.035507, -0.049582, 0.163175 
949 , -0.006264, -0.025677, 0.144510 , -0.023241, 0.035611, 0.105217 
950 , -0.015954, 0.026238, 0.103743 , 0.003670, -0.007491, 0.067231 
951 , -0.036944, 0.004503, 0.091710 , -0.034469, 0.047531, 0.126763 
952 , -0.028472, 0.035366, 0.077842 , 0.028298, 0.023766, 0.120382 
953 , -0.024050, 0.009545, 0.163190 , 0.037951, 0.029675, 0.102248 
954 , 0.018969, -0.047595, 0.105471 , 0.038641, 0.024572, 0.087864 
955 , -0.032507, 0.041787, 0.079243 , -0.048770, 0.006053, 0.122677 
956 , 0.014254, -0.018972, 0.123632 , 0.029696, 0.041949, 0.082679 
957 , -0.013448, 0.041110, 0.110814 , -0.029153, -0.004561, 0.136187 
958 , 0.049634, -0.015517, 0.072596 , 0.040561, 0.028848, 0.085179 
959 , 0.024425, -0.013509, 0.112313 , 0.009484, -0.018010, 0.073634 
960 , 0.032482, -0.009224, 0.067905 , -0.024071, -0.032769, 0.111336 
961 , -0.002400, -0.014739, 0.141394 , 0.005245, -0.031857, 0.127490 
962 , 0.036135, -0.022286, 0.132736 , 0.046509, 0.034329, 0.151499 
963 , 0.018978, -0.003096, 0.075016 , 0.011003, -0.005940, 0.130917 
964 , -0.049893, -0.040298, 0.124981 , 0.025234, 0.021410, 0.151520 
965 , 0.041958, 0.038336, 0.081153 , 0.016747, -0.041916, 0.133941 
966 , 0.039126, 0.048199, 0.143448 , -0.033767, -0.035504, 0.158167 
967 , 0.011733, -0.032537, 0.155542 , -0.023189, 0.022555, 0.123547 
968 , -0.029702, 0.007631, 0.147513 , -0.016689, -0.003645, 0.100649 
969 , 0.008211, -0.008010, 0.082853 , -0.036126, 0.039297, 0.084614 
970 , 0.017852, -0.021249, 0.074647 , 0.034896, -0.020867, 0.130157 
971 , 0.014892, 0.000237, 0.131671 , 0.021590, -0.020721, 0.148532 
972 , 0.004765, -0.008794, 0.090166 , 0.012319, 0.027071, 0.089271 
973 , -0.001903, -0.039056, 0.142575 , 0.037695, 0.000710, 0.126382 
974 , -0.009304, 0.037259, 0.153559 , -0.021725, -0.021404, 0.133166 
975 , 0.030950, -0.011101, 0.118847 , 0.009548, 0.039975, 0.073591 
976 , -0.034420, 0.028512, 0.135806 , -0.047641, 0.027230, 0.074400 
977 , 0.046417, 0.023214, 0.079011 , 0.023898, -0.040164, 0.082875 
978 , -0.041760, 0.007524, 0.072086 , -0.009456, -0.029363, 0.073246 
979 , -0.046130, 0.015230, 0.080723 , 0.022781, 0.039221, 0.152399 
980 , 0.019466, 0.036175, 0.084141 , -0.044531, -0.012767, 0.145395 
981 , 0.003465, -0.027169, 0.075285 , -0.022561, 0.038946, 0.125988 
982 , -0.011199, 0.032659, 0.156797 , 0.024462, -0.000310, 0.108904 
983 , 0.032763, -0.041913, 0.102211 , 0.042120, 0.027871, 0.152307 
984 , 0.004592, -0.021010, 0.102919 , 0.032083, 0.034747, 0.142306 
985 , -0.020049, -0.014898, 0.083220 , 0.009624, 0.003706, 0.159842 
986 , -0.033526, -0.029092, 0.101280 , -0.005861, 0.038665, 0.075697 
987 , -0.001961, 0.014904, 0.125005 , 0.040503, -0.007027, 0.094588 
988 , 0.009871, 0.032009, 0.141583 , 0.010030, -0.042254, 0.086732 
989 , -0.045590, -0.005678, 0.090156 , -0.012264, -0.035601, 0.117293 
990 , 0.001689, -0.035965, 0.161130 , -0.009740, 0.043246, 0.123364 
991 , -0.049905, 0.035653, 0.145657 , -0.011174, 0.040201, 0.107170 
992 , 0.016759, -0.044836, 0.107451 , 0.006035, -0.009923, 0.125207 
993 , 0.043149, -0.015975, 0.148245 , 0.047128, 0.039566, 0.068900 
994 , 0.004253, 0.018172, 0.111312 , 0.007814, -0.031307, 0.065424 
995 , 0.010491, -0.030651, 0.076109 , -0.025689, 0.038751, 0.089866 
996 , 0.003551, -0.019631, 0.104390 , 0.009667, -0.040509, 0.085011 
997 , 0.032635, -0.010298, 0.066230 , 0.015847, -0.017833, 0.144418 
998 , 0.018892, -0.002837, 0.066126 , -0.013665, 0.049139, 0.141293 
999 , 0.035598, 0.023031, 0.066749 , 0.031356, 0.028787, 0.092113 
