4,0,0,0.0
4,0,1,0.0
4,1,0,0.0
4,1,1,0.0
4,2,0,0.0
4,2,1,0.0
4,3,0,0.0
4,3,1,0.0
4,4,0,1.0
4,4,1,1.0
4,5,0,0.0
4,5,1,0.0
4,6,0,0.0
4,6,1,0.0
4,7,0,0.0
4,7,1,0.0
4,8,0,0.0
4,8,1,0.0
4,9,0,0.0
4,9,1,0.0
4,10,0,0.0
4,10,1,0.0
4,11,0,0.0
4,11,1,0.0
4,12,0,0.0
4,12,1,0.0
4,13,0,0.0
4,13,1,0.0
4,14,0,0.0
4,14,1,0.0
4,15,0,0.0
4,15,1,0.0
4,16,0,0.0
4,16,1,0.0
4,17,0,0.0
4,17,1,0.0
4,18,0,0.0
4,18,1,0.0
4,19,0,0.0
4,19,1,0.0
4,20,0,0.0
4,20,1,0.0
4,21,0,0.0
4,21,1,0.0
4,22,0,0.0
4,22,1,0.0
4,23,0,0.0
4,23,1,0.0
4,24,0,1.0
4,24,1,1.0
4,25,0,2.0
4,25,1,2.0
4,26,0,0.0
4,26,1,0.0
4,27,0,0.0
4,27,1,0.0
4,28,0,0.0
4,28,1,0.0
4,29,0,0.0
4,29,1,0.0
4,30,0,0.0
4,30,1,0.0
4,31,0,0.0
4,31,1,0.0
4,32,0,0.0
4,32,1,0.0
4,33,0,0.0
4,33,1,0.0
4,34,0,0.0
4,34,1,0.0
4,35,0,0.0
4,35,1,0.0
4,36,0,0.0
4,36,1,0.0
4,37,0,0.0
4,37,1,0.0
4,38,0,0.0
4,38,1,0.0
4,39,0,0.0
4,39,1,0.0
4,40,0,1.0
4,40,1,1.0
4,41,0,0.0
4,41,1,0.0
4,42,0,0.0
4,42,1,0.0
4,43,0,0.0
4,43,1,0.0
4,44,0,0.0
4,44,1,0.0
4,45,0,0.0
4,45,1,0.0
4,46,0,0.0
4,46,1,0.0
4,47,0,0.0
4,47,1,0.0
4,48,0,0.0
4,48,1,0.0
4,49,0,0.0
4,49,1,0.0
4,50,0,0.0
4,50,1,0.0
4,51,0,0.0
4,51,1,0.0
4,52,0,0.0
4,52,1,0.0
4,53,0,0.0
4,53,1,0.0
4,54,0,0.0
4,54,1,0.0
4,55,0,0.0
4,55,1,0.0
4,56,0,0.0
4,56,1,0.0
4,57,0,0.0
4,57,1,0.0
4,58,0,0.0
4,58,1,0.0
4,59,0,0.0
4,59,1,0.0
4,60,0,0.0
4,60,1,0.0
4,61,0,1.0
4,61,1,1.0
4,62,0,0.0
4,62,1,0.0
4,63,0,0.0
4,63,1,0.0
4,64,0,0.0
4,64,1,0.0
4,65,0,0.0
4,65,1,0.0
4,66,0,0.0
4,66,1,0.0
4,67,0,0.0
4,67,1,0.0
4,68,0,0.0
4,68,1,0.0
4,69,0,0.0
4,69,1,0.0
4,70,0,0.0
4,70,1,0.0
4,71,0,0.0
4,71,1,0.0
4,72,0,0.0
4,72,1,0.0
4,73,0,0.0
4,73,1,0.0
4,74,0,0.0
4,74,1,0.0
4,75,0,0.0
4,75,1,0.0
4,76,0,0.0
4,76,1,0.0
4,77,0,0.0
4,77,1,0.0
4,78,0,0.0
4,78,1,0.0
4,79,0,0.0
4,79,1,0.0
4,80,0,0.0
4,80,1,0.0
4,81,0,0.0
4,81,1,0.0
4,82,0,0.0
4,82,1,0.0
4,83,0,0.0
4,83,1,0.0
4,84,0,0.0
4,84,1,0.0
4,85,0,0.0
4,85,1,0.0
4,86,0,0.0
4,86,1,0.0
4,87,0,0.0
4,87,1,0.0
4,88,0,0.0
4,88,1,0.0
4,89,0,0.0
4,89,1,0.0
4,90,0,0.0
4,90,1,0.0
4,91,0,0.0
4,91,1,0.0
4,92,0,0.0
4,92,1,0.0
4,93,0,0.0
4,93,1,0.0
4,94,0,0.0
4,94,1,0.0
4,95,0,0.0
4,95,1,0.0
4,96,0,0.0
4,96,1,0.0
4,97,0,0.0
4,97,1,0.0
4,98,0,0.0
4,98,1,0.0
4,99,0,0.0
4,99,1,0.0
4,100,0,0.0
4,100,1,0.0
4,101,0,0.0
4,101,1,0.0
4,102,0,0.0
4,102,1,0.0
4,103,0,0.0
4,103,1,0.0
4,104,0,0.0
4,104,1,0.0
4,105,0,0.0
4,105,1,0.0
4,106,0,0.0
4,106,1,0.0
4,107,0,0.0
4,107,1,0.0
4,108,0,0.0
4,108,1,0.0
4,109,0,0.0
4,109,1,0.0
4,110,0,0.0
4,110,1,0.0
4,111,0,2.0
4,111,1,2.0
4,112,0,1.0
4,112,1,1.0
4,113,0,0.0
4,113,1,0.0
4,114,0,0.0
4,114,1,0.0
4,115,0,0.0
4,115,1,0.0
4,116,0,0.0
4,116,1,0.0
4,117,0,0.0
4,117,1,0.0
4,118,0,0.0
4,118,1,0.0
4,119,0,0.0
4,119,1,0.0
4,120,0,0.0
4,120,1,0.0
4,121,0,0.0
4,121,1,0.0
4,122,0,0.0
4,122,1,0.0
4,123,0,0.0
4,123,1,0.0
4,124,0,0.0
4,124,1,0.0
4,125,0,0.0
4,125,1,0.0
4,126,0,1.0
4,126,1,1.0
4,127,0,0.0
4,127,1,0.0
4,128,0,2.0
4,128,1,2.0
4,129,0,0.0
4,129,1,0.0
4,130,0,0.0
4,130,1,0.0
4,131,0,0.0
4,131,1,0.0
4,132,0,0.0
4,132,1,0.0
4,133,0,0.0
4,133,1,0.0
4,134,0,2.0
4,134,1,2.0
4,135,0,0.0
4,135,1,0.0
4,136,0,0.0
4,136,1,0.0
4,137,0,1.0
4,137,1,1.0
4,138,0,0.0
4,138,1,0.0
4,139,0,0.0
4,139,1,0.0
4,140,0,0.0
4,140,1,0.0
4,141,0,0.0
4,141,1,0.0
4,142,0,0.0
4,142,1,0.0
4,143,0,1.0
4,143,1,1.0
4,144,0,0.0
4,144,1,0.0
4,145,0,0.0
4,145,1,0.0
4,146,0,0.0
4,146,1,0.0
4,147,0,0.0
4,147,1,0.0
4,148,0,0.0
4,148,1,0.0
4,149,0,0.0
4,149,1,0.0
4,150,0,0.0
4,150,1,0.0
4,151,0,0.0
4,151,1,0.0
4,152,0,0.0
4,152,1,0.0
4,153,0,0.0
4,153,1,0.0
4,154,0,0.0
4,154,1,0.0
4,155,0,0.0
4,155,1,0.0
4,156,0,0.0
4,156,1,0.0
4,157,0,1.0
4,157,1,1.0
4,158,0,0.0
4,158,1,0.0
4,159,0,1.0
4,159,1,1.0
4,160,0,0.0
4,160,1,0.0
4,161,0,0.0
4,161,1,0.0
4,162,0,0.0
4,162,1,0.0
4,163,0,0.0
4,163,1,0.0
4,164,0,0.0
4,164,1,0.0
4,165,0,0.0
4,165,1,0.0
4,166,0,0.0
4,166,1,0.0
4,167,0,0.0
4,167,1,0.0
4,168,0,0.0
4,168,1,0.0
4,169,0,0.0
4,169,1,0.0
4,170,0,0.0
4,170,1,0.0
4,171,0,0.0
4,171,1,0.0
4,172,0,0.0
4,172,1,0.0
4,173,0,0.0
4,173,1,0.0
4,174,0,0.0
4,174,1,0.0
4,175,0,0.0
4,175,1,0.0
4,176,0,0.0
4,176,1,0.0
4,177,0,2.0
4,177,1,2.0
4,178,0,0.0
4,178,1,0.0
4,179,0,0.0
4,179,1,0.0
4,180,0,0.0
4,180,1,0.0
4,181,0,0.0
4,181,1,0.0
4,182,0,0.0
4,182,1,0.0
4,183,0,0.0
4,183,1,0.0
4,184,0,0.0
4,184,1,0.0
4,185,0,1.0
4,185,1,1.0
4,186,0,0.0
4,186,1,0.0
4,187,0,0.0
4,187,1,0.0
4,188,0,1.0
4,188,1,1.0
4,189,0,0.0
4,189,1,0.0
4,190,0,0.0
4,190,1,0.0
4,191,0,0.0
4,191,1,0.0
4,192,0,0.0
4,192,1,0.0
4,193,0,0.0
4,193,1,0.0
4,194,0,0.0
4,194,1,0.0
4,195,0,0.0
4,195,1,0.0
4,196,0,0.0
4,196,1,0.0
4,197,0,1.0
4,197,1,1.0
4,198,0,0.0
4,198,1,0.0
4,199,0,0.0
4,199,1,0.0
4,200,0,1.0
4,200,1,1.0
4,201,0,0.0
4,201,1,0.0
4,202,0,1.0
4,202,1,1.0
4,203,0,0.0
4,203,1,0.0
4,204,0,0.0
4,204,1,0.0
4,205,0,0.0
4,205,1,0.0
4,206,0,0.0
4,206,1,0.0
4,207,0,0.0
4,207,1,0.0
4,208,0,0.0
4,208,1,0.0
4,209,0,1.0
4,209,1,1.0
4,210,0,0.0
4,210,1,0.0
4,211,0,0.0
4,211,1,0.0
4,212,0,0.0
4,212,1,0.0
4,213,0,0.0
4,213,1,0.0
4,214,0,0.0
4,214,1,0.0
4,215,0,0.0
4,215,1,0.0
4,216,0,0.0
4,216,1,0.0
4,217,0,0.0
4,217,1,0.0
4,218,0,1.0
4,218,1,1.0
4,219,0,0.0
4,219,1,0.0
4,220,0,0.0
4,220,1,0.0
4,221,0,0.0
4,221,1,0.0
4,222,0,0.0
4,222,1,0.0
4,223,0,0.0
4,223,1,0.0
4,224,0,0.0
4,224,1,0.0
4,225,0,0.0
4,225,1,0.0
4,226,0,0.0
4,226,1,0.0
4,227,0,0.0
4,227,1,0.0
4,228,0,1.0
4,228,1,1.0
4,229,0,0.0
4,229,1,0.0
4,230,0,0.0
4,230,1,0.0
4,231,0,0.0
4,231,1,0.0
4,232,0,0.0
4,232,1,0.0
4,233,0,0.0
4,233,1,0.0
4,234,0,0.0
4,234,1,0.0
4,235,0,0.0
4,235,1,0.0
4,236,0,0.0
4,236,1,0.0
4,237,0,0.0
4,237,1,0.0
4,238,0,0.0
4,238,1,0.0
4,239,0,0.0
4,239,1,0.0
4,240,0,0.0
4,240,1,0.0
4,241,0,0.0
4,241,1,0.0
4,242,0,0.0
4,242,1,0.0
4,243,0,0.0
4,243,1,0.0
4,244,0,2.0
4,244,1,2.0
4,245,0,0.0
4,245,1,0.0
4,246,0,0.0
4,246,1,0.0
4,247,0,0.0
4,247,1,0.0
4,248,0,0.0
4,248,1,0.0
4,249,0,0.0
4,249,1,0.0
4,250,0,0.0
4,250,1,0.0
4,251,0,0.0
4,251,1,0.0
4,252,0,0.0
4,252,1,0.0
4,253,0,0.0
4,253,1,0.0
4,254,0,0.0
4,254,1,0.0
4,255,0,0.0
4,255,1,0.0
4,256,0,2.0
4,256,1,2.0
4,257,0,0.0
4,257,1,0.0
4,258,0,0.0
4,258,1,0.0
4,259,0,0.0
4,259,1,0.0
4,260,0,0.0
4,260,1,0.0
4,261,0,0.0
4,261,1,0.0
4,262,0,0.0
4,262,1,0.0
4,263,0,2.0
4,263,1,2.0
4,264,0,0.0
4,264,1,0.0
4,265,0,0.0
4,265,1,0.0
4,266,0,0.0
4,266,1,0.0
4,267,0,0.0
4,267,1,0.0
4,268,0,0.0
4,268,1,0.0
4,269,0,0.0
4,269,1,0.0
4,270,0,0.0
4,270,1,0.0
4,271,0,0.0
4,271,1,0.0
4,272,0,2.0
4,272,1,2.0
4,273,0,0.0
4,273,1,0.0
4,274,0,0.0
4,274,1,0.0
4,275,0,0.0
4,275,1,0.0
4,276,0,0.0
4,276,1,0.0
4,277,0,0.0
4,277,1,0.0
4,278,0,0.0
4,278,1,0.0
4,279,0,0.0
4,279,1,0.0
4,280,0,2.0
4,280,1,2.0
4,281,0,1.0
4,281,1,1.0
4,282,0,2.0
4,282,1,2.0
4,283,0,1.0
4,283,1,1.0
4,284,0,0.0
4,284,1,0.0
4,285,0,0.0
4,285,1,0.0
4,286,0,0.0
4,286,1,0.0
4,287,0,0.0
4,287,1,0.0
4,288,0,0.0
4,288,1,0.0
4,289,0,0.0
4,289,1,0.0
4,290,0,0.0
4,290,1,0.0
4,291,0,0.0
4,291,1,0.0
4,292,0,0.0
4,292,1,0.0
4,293,0,0.0
4,293,1,0.0
4,294,0,0.0
4,294,1,0.0
4,295,0,0.0
4,295,1,0.0
4,296,0,0.0
4,296,1,0.0
4,297,0,0.0
4,297,1,0.0
4,298,0,0.0
4,298,1,0.0
4,299,0,0.0
4,299,1,0.0
4,300,0,0.0
4,300,1,0.0
4,301,0,0.0
4,301,1,0.0
4,302,0,0.0
4,302,1,0.0
4,303,0,0.0
4,303,1,0.0
4,304,0,0.0
4,304,1,0.0
4,305,0,0.0
4,305,1,0.0
4,306,0,0.0
4,306,1,0.0
4,307,0,1.0
4,307,1,1.0
4,308,0,1.0
4,308,1,1.0
4,309,0,0.0
4,309,1,0.0
4,310,0,0.0
4,310,1,0.0
4,311,0,0.0
4,311,1,0.0
4,312,0,0.0
4,312,1,0.0
4,313,0,2.0
4,313,1,2.0
4,314,0,0.0
4,314,1,0.0
4,315,0,0.0
4,315,1,0.0
4,316,0,0.0
4,316,1,0.0
4,317,0,0.0
4,317,1,0.0
4,318,0,0.0
4,318,1,0.0
4,319,0,0.0
4,319,1,0.0
4,320,0,0.0
4,320,1,0.0
4,321,0,0.0
4,321,1,0.0
4,322,0,0.0
4,322,1,0.0
4,323,0,0.0
4,323,1,0.0
4,324,0,0.0
4,324,1,0.0
4,325,0,0.0
4,325,1,0.0
4,326,0,2.0
4,326,1,2.0
4,327,0,0.0
4,327,1,0.0
4,328,0,0.0
4,328,1,0.0
4,329,0,0.0
4,329,1,0.0
4,330,0,0.0
4,330,1,0.0
4,331,0,0.0
4,331,1,0.0
4,332,0,0.0
4,332,1,0.0
4,333,0,0.0
4,333,1,0.0
4,334,0,0.0
4,334,1,0.0
4,335,0,0.0
4,335,1,0.0
4,336,0,0.0
4,336,1,0.0
4,337,0,0.0
4,337,1,0.0
4,338,0,0.0
4,338,1,0.0
4,339,0,0.0
4,339,1,0.0
4,340,0,0.0
4,340,1,0.0
4,341,0,0.0
4,341,1,0.0
4,342,0,0.0
4,342,1,0.0
4,343,0,0.0
4,343,1,0.0
4,344,0,0.0
4,344,1,0.0
4,345,0,0.0
4,345,1,0.0
4,346,0,0.0
4,346,1,0.0
4,347,0,0.0
4,347,1,0.0
4,348,0,0.0
4,348,1,0.0
4,349,0,0.0
4,349,1,0.0
4,350,0,1.0
4,350,1,1.0
4,351,0,0.0
4,351,1,0.0
4,352,0,0.0
4,352,1,0.0
4,353,0,1.0
4,353,1,1.0
4,354,0,0.0
4,354,1,0.0
4,355,0,0.0
4,355,1,0.0
4,356,0,0.0
4,356,1,0.0
4,357,0,0.0
4,357,1,0.0
4,358,0,0.0
4,358,1,0.0
4,359,0,0.0
4,359,1,0.0
4,360,0,0.0
4,360,1,0.0
4,361,0,0.0
4,361,1,0.0
4,362,0,0.0
4,362,1,0.0
4,363,0,0.0
4,363,1,0.0
4,364,0,0.0
4,364,1,0.0
4,365,0,0.0
4,365,1,0.0
4,366,0,0.0
4,366,1,0.0
4,367,0,0.0
4,367,1,0.0
4,368,0,0.0
4,368,1,0.0
4,369,0,0.0
4,369,1,0.0
4,370,0,0.0
4,370,1,0.0
4,371,0,0.0
4,371,1,0.0
4,372,0,0.0
4,372,1,0.0
4,373,0,0.0
4,373,1,0.0
4,374,0,0.0
4,374,1,0.0
4,375,0,0.0
4,375,1,0.0
4,376,0,0.0
4,376,1,0.0
4,377,0,0.0
4,377,1,0.0
4,378,0,0.0
4,378,1,0.0
4,379,0,0.0
4,379,1,0.0
4,380,0,0.0
4,380,1,0.0
4,381,0,0.0
4,381,1,0.0
4,382,0,0.0
4,382,1,0.0
4,383,0,0.0
4,383,1,0.0
4,384,0,0.0
4,384,1,0.0
4,385,0,0.0
4,385,1,0.0
4,386,0,0.0
4,386,1,0.0
4,387,0,0.0
4,387,1,0.0
4,388,0,0.0
4,388,1,0.0
4,389,0,0.0
4,389,1,0.0
4,390,0,0.0
4,390,1,0.0
4,391,0,1.0
4,391,1,1.0
4,392,0,0.0
4,392,1,0.0
4,393,0,0.0
4,393,1,0.0
4,394,0,0.0
4,394,1,0.0
4,395,0,0.0
4,395,1,0.0
4,396,0,0.0
4,396,1,0.0
4,397,0,0.0
4,397,1,0.0
4,398,0,0.0
4,398,1,0.0
4,399,0,0.0
4,399,1,0.0
4,400,0,0.0
4,400,1,0.0
4,401,0,0.0
4,401,1,0.0
4,402,0,0.0
4,402,1,0.0
4,403,0,2.0
4,403,1,2.0
4,404,0,0.0
4,404,1,0.0
4,405,0,0.0
4,405,1,0.0
4,406,0,0.0
4,406,1,0.0
4,407,0,2.0
4,407,1,2.0
4,408,0,0.0
4,408,1,0.0
4,409,0,0.0
4,409,1,0.0
4,410,0,0.0
4,410,1,0.0
4,411,0,0.0
4,411,1,0.0
4,412,0,0.0
4,412,1,0.0
4,413,0,0.0
4,413,1,0.0
4,414,0,1.0
4,414,1,1.0
4,415,0,1.0
4,415,1,1.0
4,416,0,0.0
4,416,1,0.0
4,417,0,0.0
4,417,1,0.0
4,418,0,0.0
4,418,1,0.0
4,419,0,0.0
4,419,1,0.0
4,420,0,0.0
4,420,1,0.0
4,421,0,0.0
4,421,1,0.0
4,422,0,0.0
4,422,1,0.0
4,423,0,0.0
4,423,1,0.0
4,424,0,0.0
4,424,1,0.0
4,425,0,2.0
4,425,1,2.0
4,426,0,0.0
4,426,1,0.0
4,427,0,1.0
4,427,1,1.0
4,428,0,1.0
4,428,1,1.0
4,429,0,1.0
4,429,1,1.0
4,430,0,0.0
4,430,1,0.0
4,431,0,0.0
4,431,1,0.0
4,432,0,0.0
4,432,1,0.0
4,433,0,0.0
4,433,1,0.0
4,434,0,1.0
4,434,1,1.0
4,435,0,0.0
4,435,1,0.0
4,436,0,1.0
4,436,1,1.0
4,437,0,0.0
4,437,1,0.0
4,438,0,0.0
4,438,1,0.0
4,439,0,0.0
4,439,1,0.0
4,440,0,0.0
4,440,1,0.0
4,441,0,0.0
4,441,1,0.0
4,442,0,0.0
4,442,1,0.0
4,443,0,0.0
4,443,1,0.0
4,444,0,0.0
4,444,1,0.0
4,445,0,0.0
4,445,1,0.0
4,446,0,0.0
4,446,1,0.0
4,447,0,0.0
4,447,1,0.0
4,448,0,0.0
4,448,1,0.0
4,449,0,0.0
4,449,1,0.0
4,450,0,0.0
4,450,1,0.0
4,451,0,0.0
4,451,1,0.0
4,452,0,0.0
4,452,1,0.0
4,453,0,0.0
4,453,1,0.0
4,454,0,0.0
4,454,1,0.0
4,455,0,0.0
4,455,1,0.0
4,456,0,1.0
4,456,1,1.0
4,457,0,0.0
4,457,1,0.0
4,458,0,0.0
4,458,1,0.0
4,459,0,0.0
4,459,1,0.0
4,460,0,0.0
4,460,1,0.0
4,461,0,1.0
4,461,1,1.0
4,462,0,0.0
4,462,1,0.0
4,463,0,0.0
4,463,1,0.0
4,464,0,0.0
4,464,1,0.0
4,465,0,0.0
4,465,1,0.0
4,466,0,0.0
4,466,1,0.0
4,467,0,0.0
4,467,1,0.0
4,468,0,0.0
4,468,1,0.0
4,469,0,0.0
4,469,1,0.0
4,470,0,0.0
4,470,1,0.0
4,471,0,0.0
4,471,1,0.0
4,472,0,0.0
4,472,1,0.0
4,473,0,0.0
4,473,1,0.0
4,474,0,0.0
4,474,1,0.0
4,475,0,0.0
4,475,1,0.0
4,476,0,0.0
4,476,1,0.0
4,477,0,0.0
4,477,1,0.0
4,478,0,0.0
4,478,1,0.0
4,479,0,0.0
4,479,1,0.0
4,480,0,0.0
4,480,1,0.0
4,481,0,0.0
4,481,1,0.0
4,482,0,0.0
4,482,1,0.0
4,483,0,0.0
4,483,1,0.0
4,484,0,0.0
4,484,1,0.0
4,485,0,0.0
4,485,1,0.0
4,486,0,0.0
4,486,1,0.0
4,487,0,0.0
4,487,1,0.0
4,488,0,0.0
4,488,1,0.0
4,489,0,0.0
4,489,1,0.0
4,490,0,0.0
4,490,1,0.0
4,491,0,0.0
4,491,1,0.0
4,492,0,0.0
4,492,1,0.0
4,493,0,0.0
4,493,1,0.0
4,494,0,0.0
4,494,1,0.0
4,495,0,0.0
4,495,1,0.0
4,496,0,0.0
4,496,1,0.0
4,497,0,0.0
4,497,1,0.0
4,498,0,0.0
4,498,1,0.0
4,499,0,0.0
4,499,1,0.0
4,500,0,1.0
4,500,1,1.0
4,501,0,0.0
4,501,1,0.0
4,502,0,0.0
4,502,1,0.0
4,503,0,0.0
4,503,1,0.0
4,504,0,0.0
4,504,1,0.0
4,505,0,0.0
4,505,1,0.0
4,506,0,0.0
4,506,1,0.0
4,507,0,0.0
4,507,1,0.0
4,508,0,0.0
4,508,1,0.0
4,509,0,0.0
4,509,1,0.0
4,510,0,0.0
4,510,1,0.0
4,511,0,0.0
4,511,1,0.0
4,512,0,0.0
4,512,1,0.0
4,513,0,0.0
4,513,1,0.0
4,514,0,0.0
4,514,1,0.0
4,515,0,0.0
4,515,1,0.0
4,516,0,0.0
4,516,1,0.0
4,517,0,0.0
4,517,1,0.0
4,518,0,0.0
4,518,1,0.0
4,519,0,0.0
4,519,1,0.0
4,520,0,0.0
4,520,1,0.0
4,521,0,0.0
4,521,1,0.0
4,522,0,0.0
4,522,1,0.0
4,523,0,0.0
4,523,1,0.0
4,524,0,0.0
4,524,1,0.0
4,525,0,1.0
4,525,1,1.0
4,526,0,0.0
4,526,1,0.0
4,527,0,0.0
4,527,1,0.0
4,528,0,0.0
4,528,1,0.0
4,529,0,0.0
4,529,1,0.0
4,530,0,0.0
4,530,1,0.0
4,531,0,1.0
4,531,1,1.0
4,532,0,0.0
4,532,1,0.0
4,533,0,0.0
4,533,1,0.0
4,534,0,0.0
4,534,1,0.0
4,535,0,0.0
4,535,1,0.0
4,536,0,1.0
4,536,1,1.0
4,537,0,0.0
4,537,1,0.0
4,538,0,0.0
4,538,1,0.0
4,539,0,0.0
4,539,1,0.0
4,540,0,0.0
4,540,1,0.0
4,541,0,0.0
4,541,1,0.0
4,542,0,0.0
4,542,1,0.0
4,543,0,0.0
4,543,1,0.0
4,544,0,0.0
4,544,1,0.0
4,545,0,0.0
4,545,1,0.0
4,546,0,0.0
4,546,1,0.0
4,547,0,0.0
4,547,1,0.0
4,548,0,0.0
4,548,1,0.0
4,549,0,0.0
4,549,1,0.0
4,550,0,0.0
4,550,1,0.0
4,551,0,0.0
4,551,1,0.0
4,552,0,0.0
4,552,1,0.0
4,553,0,0.0
4,553,1,0.0
4,554,0,0.0
4,554,1,0.0
4,555,0,0.0
4,555,1,0.0
4,556,0,0.0
4,556,1,0.0
4,557,0,0.0
4,557,1,0.0
4,558,0,0.0
4,558,1,0.0
4,559,0,0.0
4,559,1,0.0
4,560,0,1.0
4,560,1,1.0
4,561,0,0.0
4,561,1,0.0
4,562,0,0.0
4,562,1,0.0
4,563,0,0.0
4,563,1,0.0
4,564,0,0.0
4,564,1,0.0
4,565,0,0.0
4,565,1,0.0
4,566,0,0.0
4,566,1,0.0
4,567,0,0.0
4,567,1,0.0
4,568,0,0.0
4,568,1,0.0
4,569,0,0.0
4,569,1,0.0
4,570,0,0.0
4,570,1,0.0
4,571,0,0.0
4,571,1,0.0
4,572,0,1.0
4,572,1,1.0
4,573,0,0.0
4,573,1,0.0
4,574,0,0.0
4,574,1,0.0
4,575,0,0.0
4,575,1,0.0
4,576,0,0.0
4,576,1,0.0
4,577,0,0.0
4,577,1,0.0
4,578,0,0.0
4,578,1,0.0
4,579,0,0.0
4,579,1,0.0
4,580,0,0.0
4,580,1,0.0
4,581,0,0.0
4,581,1,0.0
4,582,0,0.0
4,582,1,0.0
4,583,0,0.0
4,583,1,0.0
4,584,0,0.0
4,584,1,0.0
4,585,0,0.0
4,585,1,0.0
4,586,0,0.0
4,586,1,0.0
4,587,0,0.0
4,587,1,0.0
4,588,0,1.0
4,588,1,1.0
4,589,0,0.0
4,589,1,0.0
4,590,0,0.0
4,590,1,0.0
4,591,0,0.0
4,591,1,0.0
4,592,0,0.0
4,592,1,0.0
4,593,0,0.0
4,593,1,0.0
4,594,0,0.0
4,594,1,0.0
4,595,0,0.0
4,595,1,0.0
4,596,0,1.0
4,596,1,1.0
4,597,0,0.0
4,597,1,0.0
4,598,0,0.0
4,598,1,0.0
4,599,0,0.0
4,599,1,0.0
4,600,0,0.0
4,600,1,0.0
4,601,0,0.0
4,601,1,0.0
4,602,0,0.0
4,602,1,0.0
4,603,0,0.0
4,603,1,0.0
4,604,0,0.0
4,604,1,0.0
4,605,0,0.0
4,605,1,0.0
4,606,0,0.0
4,606,1,0.0
4,607,0,0.0
4,607,1,0.0
4,608,0,0.0
4,608,1,0.0
4,609,0,0.0
4,609,1,0.0
4,610,0,0.0
4,610,1,0.0
4,611,0,0.0
4,611,1,0.0
4,612,0,0.0
4,612,1,0.0
4,613,0,0.0
4,613,1,0.0
4,614,0,0.0
4,614,1,0.0
4,615,0,0.0
4,615,1,0.0
4,616,0,0.0
4,616,1,0.0
4,617,0,1.0
4,617,1,1.0
4,618,0,0.0
4,618,1,0.0
4,619,0,0.0
4,619,1,0.0
4,620,0,0.0
4,620,1,0.0
4,621,0,0.0
4,621,1,0.0
4,622,0,0.0
4,622,1,0.0
4,623,0,0.0
4,623,1,0.0
4,624,0,0.0
4,624,1,0.0
4,625,0,0.0
4,625,1,0.0
4,626,0,0.0
4,626,1,0.0
4,627,0,1.0
4,627,1,1.0
4,628,0,0.0
4,628,1,0.0
4,629,0,0.0
4,629,1,0.0
4,630,0,1.0
4,630,1,1.0
4,631,0,0.0
4,631,1,0.0
4,632,0,0.0
4,632,1,0.0
4,633,0,0.0
4,633,1,0.0
4,634,0,0.0
4,634,1,0.0
4,635,0,0.0
4,635,1,0.0
4,636,0,0.0
4,636,1,0.0
4,637,0,0.0
4,637,1,0.0
4,638,0,0.0
4,638,1,0.0
4,639,0,1.0
4,639,1,1.0
4,640,0,1.0
4,640,1,1.0
4,641,0,0.0
4,641,1,0.0
4,642,0,0.0
4,642,1,0.0
4,643,0,0.0
4,643,1,0.0
4,644,0,0.0
4,644,1,0.0
4,645,0,1.0
4,645,1,1.0
4,646,0,1.0
4,646,1,1.0
4,647,0,0.0
4,647,1,0.0
4,648,0,0.0
4,648,1,0.0
4,649,0,0.0
4,649,1,0.0
4,650,0,0.0
4,650,1,0.0
4,651,0,0.0
4,651,1,0.0
4,652,0,0.0
4,652,1,0.0
4,653,0,0.0
4,653,1,0.0
4,654,0,0.0
4,654,1,0.0
4,655,0,0.0
4,655,1,0.0
4,656,0,0.0
4,656,1,0.0
4,657,0,0.0
4,657,1,0.0
4,658,0,0.0
4,658,1,0.0
4,659,0,1.0
4,659,1,1.0
4,660,0,0.0
4,660,1,0.0
4,661,0,0.0
4,661,1,0.0
4,662,0,1.0
4,662,1,1.0
4,663,0,0.0
4,663,1,0.0
4,664,0,1.0
4,664,1,1.0
4,665,0,0.0
4,665,1,0.0
4,666,0,0.0
4,666,1,0.0
4,667,0,0.0
4,667,1,0.0
4,668,0,0.0
4,668,1,0.0
4,669,0,0.0
4,669,1,0.0
4,670,0,0.0
4,670,1,0.0
4,671,0,0.0
4,671,1,0.0
4,672,0,0.0
4,672,1,0.0
4,673,0,1.0
4,673,1,1.0
4,674,0,0.0
4,674,1,0.0
4,675,0,0.0
4,675,1,0.0
4,676,0,0.0
4,676,1,0.0
4,677,0,0.0
4,677,1,0.0
4,678,0,0.0
4,678,1,0.0
4,679,0,0.0
4,679,1,0.0
4,680,0,0.0
4,680,1,0.0
4,681,0,0.0
4,681,1,0.0
4,682,0,0.0
4,682,1,0.0
4,683,0,0.0
4,683,1,0.0
4,684,0,0.0
4,684,1,0.0
4,685,0,0.0
4,685,1,0.0
4,686,0,0.0
4,686,1,0.0
4,687,0,1.0
4,687,1,1.0
4,688,0,0.0
4,688,1,0.0
4,689,0,0.0
4,689,1,0.0
4,690,0,0.0
4,690,1,0.0
4,691,0,0.0
4,691,1,0.0
4,692,0,0.0
4,692,1,0.0
4,693,0,1.0
4,693,1,1.0
4,694,0,0.0
4,694,1,0.0
4,695,0,0.0
4,695,1,0.0
4,696,0,0.0
4,696,1,0.0
4,697,0,0.0
4,697,1,0.0
4,698,0,1.0
4,698,1,1.0
4,699,0,0.0
4,699,1,0.0
4,700,0,1.0
4,700,1,1.0
4,701,0,0.0
4,701,1,0.0
4,702,0,0.0
4,702,1,0.0
4,703,0,0.0
4,703,1,0.0
4,704,0,0.0
4,704,1,0.0
4,705,0,0.0
4,705,1,0.0
4,706,0,0.0
4,706,1,0.0
4,707,0,0.0
4,707,1,0.0
4,708,0,0.0
4,708,1,0.0
4,709,0,0.0
4,709,1,0.0
4,710,0,0.0
4,710,1,0.0
4,711,0,0.0
4,711,1,0.0
4,712,0,0.0
4,712,1,0.0
4,713,0,0.0
4,713,1,0.0
4,714,0,1.0
4,714,1,1.0
4,715,0,0.0
4,715,1,0.0
4,716,0,0.0
4,716,1,0.0
4,717,0,0.0
4,717,1,0.0
4,718,0,0.0
4,718,1,0.0
4,719,0,0.0
4,719,1,0.0
4,720,0,0.0
4,720,1,0.0
4,721,0,0.0
4,721,1,0.0
4,722,0,0.0
4,722,1,0.0
4,723,0,0.0
4,723,1,0.0
4,724,0,0.0
4,724,1,0.0
4,725,0,0.0
4,725,1,0.0
4,726,0,0.0
4,726,1,0.0
4,727,0,0.0
4,727,1,0.0
4,728,0,0.0
4,728,1,0.0
4,729,0,0.0
4,729,1,0.0
4,730,0,0.0
4,730,1,0.0
4,731,0,0.0
4,731,1,0.0
4,732,0,0.0
4,732,1,0.0
4,733,0,0.0
4,733,1,0.0
4,734,0,0.0
4,734,1,0.0
4,735,0,0.0
4,735,1,0.0
4,736,0,0.0
4,736,1,0.0
4,737,0,0.0
4,737,1,0.0
4,738,0,0.0
4,738,1,0.0
4,739,0,0.0
4,739,1,0.0
4,740,0,0.0
4,740,1,0.0
4,741,0,0.0
4,741,1,0.0
4,742,0,0.0
4,742,1,0.0
4,743,0,0.0
4,743,1,0.0
4,744,0,1.0
4,744,1,1.0
4,745,0,0.0
4,745,1,0.0
4,746,0,0.0
4,746,1,0.0
4,747,0,0.0
4,747,1,0.0
4,748,0,0.0
4,748,1,0.0
4,749,0,0.0
4,749,1,0.0
4,750,0,0.0
4,750,1,0.0
4,751,0,0.0
4,751,1,0.0
4,752,0,0.0
4,752,1,0.0
4,753,0,0.0
4,753,1,0.0
4,754,0,0.0
4,754,1,0.0
4,755,0,1.0
4,755,1,1.0
4,756,0,0.0
4,756,1,0.0
4,757,0,0.0
4,757,1,0.0
4,758,0,0.0
4,758,1,0.0
4,759,0,0.0
4,759,1,0.0
4,760,0,0.0
4,760,1,0.0
4,761,0,0.0
4,761,1,0.0
4,762,0,0.0
4,762,1,0.0
4,763,0,0.0
4,763,1,0.0
4,764,0,0.0
4,764,1,0.0
4,765,0,0.0
4,765,1,0.0
4,766,0,0.0
4,766,1,0.0
4,767,0,0.0
4,767,1,0.0
4,768,0,0.0
4,768,1,0.0
4,769,0,0.0
4,769,1,0.0
4,770,0,0.0
4,770,1,0.0
4,771,0,0.0
4,771,1,0.0
4,772,0,0.0
4,772,1,0.0
4,773,0,0.0
4,773,1,0.0
4,774,0,0.0
4,774,1,0.0
4,775,0,0.0
4,775,1,0.0
4,776,0,0.0
4,776,1,0.0
4,777,0,1.0
4,777,1,1.0
4,778,0,0.0
4,778,1,0.0
4,779,0,0.0
4,779,1,0.0
4,780,0,0.0
4,780,1,0.0
4,781,0,0.0
4,781,1,0.0
4,782,0,0.0
4,782,1,0.0
4,783,0,0.0
4,783,1,0.0
4,784,0,0.0
4,784,1,0.0
4,785,0,1.0
4,785,1,1.0
4,786,0,0.0
4,786,1,0.0
4,787,0,0.0
4,787,1,0.0
4,788,0,0.0
4,788,1,0.0
4,789,0,0.0
4,789,1,0.0
4,790,0,0.0
4,790,1,0.0
4,791,0,1.0
4,791,1,1.0
4,792,0,0.0
4,792,1,0.0
4,793,0,0.0
4,793,1,0.0
4,794,0,0.0
4,794,1,0.0
4,795,0,0.0
4,795,1,0.0
4,796,0,0.0
4,796,1,0.0
4,797,0,1.0
4,797,1,1.0
4,798,0,0.0
4,798,1,0.0
4,799,0,0.0
4,799,1,0.0
4,800,0,0.0
4,800,1,0.0
4,801,0,0.0
4,801,1,0.0
4,802,0,0.0
4,802,1,0.0
4,803,0,0.0
4,803,1,0.0
4,804,0,0.0
4,804,1,0.0
4,805,0,0.0
4,805,1,0.0
4,806,0,0.0
4,806,1,0.0
4,807,0,0.0
4,807,1,0.0
4,808,0,0.0
4,808,1,0.0
4,809,0,0.0
4,809,1,0.0
4,810,0,0.0
4,810,1,0.0
4,811,0,0.0
4,811,1,0.0
4,812,0,0.0
4,812,1,0.0
4,813,0,0.0
4,813,1,0.0
4,814,0,0.0
4,814,1,0.0
4,815,0,0.0
4,815,1,0.0
4,816,0,0.0
4,816,1,0.0
4,817,0,0.0
4,817,1,0.0
4,818,0,1.0
4,818,1,1.0
4,819,0,0.0
4,819,1,0.0
4,820,0,0.0
4,820,1,0.0
4,821,0,0.0
4,821,1,0.0
4,822,0,0.0
4,822,1,0.0
4,823,0,0.0
4,823,1,0.0
4,824,0,0.0
4,824,1,0.0
4,825,0,0.0
4,825,1,0.0
4,826,0,0.0
4,826,1,0.0
4,827,0,0.0
4,827,1,0.0
4,828,0,0.0
4,828,1,0.0
4,829,0,0.0
4,829,1,0.0
4,830,0,0.0
4,830,1,0.0
4,831,0,0.0
4,831,1,0.0
4,832,0,0.0
4,832,1,0.0
4,833,0,0.0
4,833,1,0.0
4,834,0,0.0
4,834,1,0.0
4,835,0,0.0
4,835,1,0.0
4,836,0,0.0
4,836,1,0.0
4,837,0,0.0
4,837,1,0.0
4,838,0,0.0
4,838,1,0.0
4,839,0,0.0
4,839,1,0.0
4,840,0,0.0
4,840,1,0.0
4,841,0,0.0
4,841,1,0.0
4,842,0,0.0
4,842,1,0.0
4,843,0,0.0
4,843,1,0.0
4,844,0,0.0
4,844,1,0.0
4,845,0,0.0
4,845,1,0.0
4,846,0,0.0
4,846,1,0.0
4,847,0,0.0
4,847,1,0.0
4,848,0,0.0
4,848,1,0.0
4,849,0,1.0
4,849,1,1.0
4,850,0,0.0
4,850,1,0.0
4,851,0,1.0
4,851,1,1.0
4,852,0,0.0
4,852,1,0.0
4,853,0,0.0
4,853,1,0.0
4,854,0,0.0
4,854,1,0.0
4,855,0,0.0
4,855,1,0.0
4,856,0,0.0
4,856,1,0.0
4,857,0,0.0
4,857,1,0.0
4,858,0,0.0
4,858,1,0.0
4,859,0,0.0
4,859,1,0.0
4,860,0,0.0
4,860,1,0.0
4,861,0,0.0
4,861,1,0.0
4,862,0,0.0
4,862,1,0.0
4,863,0,0.0
4,863,1,0.0
4,864,0,1.0
4,864,1,1.0
4,865,0,0.0
4,865,1,0.0
4,866,0,0.0
4,866,1,0.0
4,867,0,0.0
4,867,1,0.0
4,868,0,0.0
4,868,1,0.0
4,869,0,0.0
4,869,1,0.0
4,870,0,0.0
4,870,1,0.0
4,871,0,0.0
4,871,1,0.0
4,872,0,0.0
4,872,1,0.0
4,873,0,0.0
4,873,1,0.0
4,874,0,0.0
4,874,1,0.0
4,875,0,1.0
4,875,1,1.0
4,876,0,0.0
4,876,1,0.0
4,877,0,0.0
4,877,1,0.0
4,878,0,0.0
4,878,1,0.0
4,879,0,0.0
4,879,1,0.0
4,880,0,0.0
4,880,1,0.0
4,881,0,0.0
4,881,1,0.0
4,882,0,0.0
4,882,1,0.0
4,883,0,0.0
4,883,1,0.0
4,884,0,0.0
4,884,1,0.0
4,885,0,0.0
4,885,1,0.0
4,886,0,0.0
4,886,1,0.0
4,887,0,0.0
4,887,1,0.0
4,888,0,1.0
4,888,1,1.0
4,889,0,0.0
4,889,1,0.0
4,890,0,0.0
4,890,1,0.0
4,891,0,1.0
4,891,1,1.0
4,892,0,0.0
4,892,1,0.0
4,893,0,1.0
4,893,1,1.0
4,894,0,0.0
4,894,1,0.0
4,895,0,0.0
4,895,1,0.0
4,896,0,0.0
4,896,1,0.0
4,897,0,0.0
4,897,1,0.0
4,898,0,1.0
4,898,1,1.0
4,899,0,0.0
4,899,1,0.0
4,900,0,0.0
4,900,1,0.0
4,901,0,0.0
4,901,1,0.0
4,902,0,0.0
4,902,1,0.0
4,903,0,0.0
4,903,1,0.0
4,904,0,0.0
4,904,1,0.0
4,905,0,0.0
4,905,1,0.0
4,906,0,0.0
4,906,1,0.0
4,907,0,0.0
4,907,1,0.0
4,908,0,0.0
4,908,1,0.0
4,909,0,0.0
4,909,1,0.0
4,910,0,0.0
4,910,1,0.0
4,911,0,0.0
4,911,1,0.0
4,912,0,0.0
4,912,1,0.0
4,913,0,0.0
4,913,1,0.0
4,914,0,0.0
4,914,1,0.0
4,915,0,1.0
4,915,1,1.0
4,916,0,0.0
4,916,1,0.0
4,917,0,0.0
4,917,1,0.0
4,918,0,0.0
4,918,1,0.0
4,919,0,1.0
4,919,1,1.0
4,920,0,0.0
4,920,1,0.0
4,921,0,0.0
4,921,1,0.0
4,922,0,0.0
4,922,1,0.0
4,923,0,0.0
4,923,1,0.0
4,924,0,0.0
4,924,1,0.0
4,925,0,0.0
4,925,1,0.0
4,926,0,1.0
4,926,1,1.0
4,927,0,0.0
4,927,1,0.0
4,928,0,0.0
4,928,1,0.0
4,929,0,0.0
4,929,1,0.0
4,930,0,0.0
4,930,1,0.0
4,931,0,1.0
4,931,1,1.0
4,932,0,0.0
4,932,1,0.0
4,933,0,0.0
4,933,1,0.0
4,934,0,0.0
4,934,1,0.0
4,935,0,0.0
4,935,1,0.0
4,936,0,0.0
4,936,1,0.0
4,937,0,0.0
4,937,1,0.0
4,938,0,1.0
4,938,1,1.0
4,939,0,0.0
4,939,1,0.0
4,940,0,0.0
4,940,1,0.0
4,941,0,0.0
4,941,1,0.0
4,942,0,0.0
4,942,1,0.0
4,943,0,0.0
4,943,1,0.0
4,944,0,0.0
4,944,1,0.0
4,945,0,0.0
4,945,1,0.0
4,946,0,0.0
4,946,1,0.0
4,947,0,0.0
4,947,1,0.0
4,948,0,0.0
4,948,1,0.0
4,949,0,0.0
4,949,1,0.0
4,950,0,0.0
4,950,1,0.0
4,951,0,1.0
4,951,1,1.0
4,952,0,0.0
4,952,1,0.0
4,953,0,0.0
4,953,1,0.0
4,954,0,0.0
4,954,1,0.0
4,955,0,0.0
4,955,1,0.0
4,956,0,1.0
4,956,1,1.0
4,957,0,0.0
4,957,1,0.0
4,958,0,0.0
4,958,1,0.0
4,959,0,1.0
4,959,1,1.0
4,960,0,0.0
4,960,1,0.0
4,961,0,0.0
4,961,1,0.0
4,962,0,0.0
4,962,1,0.0
4,963,0,0.0
4,963,1,0.0
4,964,0,0.0
4,964,1,0.0
4,965,0,0.0
4,965,1,0.0
4,966,0,0.0
4,966,1,0.0
4,967,0,0.0
4,967,1,0.0
4,968,0,0.0
4,968,1,0.0
4,969,0,0.0
4,969,1,0.0
4,970,0,0.0
4,970,1,0.0
4,971,0,0.0
4,971,1,0.0
4,972,0,0.0
4,972,1,0.0
4,973,0,1.0
4,973,1,1.0
4,974,0,0.0
4,974,1,0.0
4,975,0,0.0
4,975,1,0.0
4,976,0,0.0
4,976,1,0.0
4,977,0,0.0
4,977,1,0.0
4,978,0,0.0
4,978,1,0.0
4,979,0,0.0
4,979,1,0.0
4,980,0,0.0
4,980,1,0.0
4,981,0,0.0
4,981,1,0.0
4,982,0,0.0
4,982,1,0.0
4,983,0,0.0
4,983,1,0.0
4,984,0,0.0
4,984,1,0.0
4,985,0,0.0
4,985,1,0.0
4,986,0,0.0
4,986,1,0.0
4,987,0,0.0
4,987,1,0.0
4,988,0,0.0
4,988,1,0.0
4,989,0,0.0
4,989,1,0.0
4,990,0,0.0
4,990,1,0.0
4,991,0,1.0
4,991,1,1.0
4,992,0,0.0
4,992,1,0.0
4,993,0,0.0
4,993,1,0.0
4,994,0,0.0
4,994,1,0.0
4,995,0,0.0
4,995,1,0.0
4,996,0,1.0
4,996,1,1.0
4,997,0,0.0
4,997,1,0.0
4,998,0,0.0
4,998,1,0.0
4,999,0,0.0
4,999,1,0.0
